-- diffrent standard SQL requests
-- SELECT user_id , water_type , status from waters w where user_id = 20;
-- SELECT user_id, electicitiy_type , status from electicities e2 where status = 'on';
-- SELECT * FROM iot_categories ic WHERE id = 5;
-- SELECT * from messages m where to_user_id = 1;
-- SELECT COUNT(*) FROM video_surveillances vs WHERE status = 'unused';

-- request with counting, grouping and having
-- SELECT status, COUNT(*) as total FROM video_surveillances vs2 GROUP BY status HAVING total >=2;

-- complex request:
-- SELECT user_id, (SELECT firstname from users u2 where user_id=id) as name, (SELECT lastname from users u2 where user_id=id) as surname, (SELECT phone from users u2 where user_id=id) as phone from security_systems ss where status = 'unused';

-- request with join
-- SELECT u.id, u.firstname, u.lastname, u.phone, vb.virtual_account, vb.amount from users as u inner join virtual_bank as vb on u.id = vb.user_id order by u.id;

-- views creations, one about finance status of users, anoter about conversation with IoT company
-- CREATE view fin_table as SELECT u.id , u.firstname , u.lastname , u.phone , vb.virtual_account, vb.amount from users as u inner join virtual_bank as vb on u.id = vb.user_id order by u.id;
-- CREATE view message_table as SELECT u.id , u.firstname , u.lastname , u.phone , m.to_user_id , m.body from users as u join messages as m where to_user_id = 1 order by u.id;

-- trigger creation - internal information (alarm) that one of the security system was changed status:
-- delimiter //
-- CREATE trigger warning_security_system after UPDATE on security_systems for EACH ROW BEGIN INSERT into messages (from_user_id ,to_user_id , body ) values ('1', '1', 'one of the security system was changed status'); end //


DROP DATABASE IF EXISTS iot;
CREATE DATABASE iot;
USE iot;

DROP TABLE IF EXISTS `users`;
CREATE TABLE `users` (
  `id` bigint(20) unsigned NOT NULL AUTO_INCREMENT,
  `firstname` varchar(50) COLLATE utf8_unicode_ci DEFAULT NULL,
  `lastname` varchar(50) COLLATE utf8_unicode_ci DEFAULT NULL,
  `email` varchar(120) COLLATE utf8_unicode_ci DEFAULT NULL,
  `phone` bigint(20) DEFAULT NULL,
  `gender` char(3) COLLATE utf8_unicode_ci DEFAULT NULL,
  `birthday` date DEFAULT NULL,
  `adress` varchar(200) COLLATE utf8_unicode_ci DEFAULT NULL,
  `created_at` datetime DEFAULT current_timestamp(),
  `updated_at` datetime DEFAULT current_timestamp() ON UPDATE current_timestamp(),
  PRIMARY KEY (`id`),
  UNIQUE KEY `adress` (`adress`),
  KEY `user_phone` (`phone`),
  KEY `users_firstname_lastname_idx` (`firstname`,`lastname`)
) ENGINE=InnoDB AUTO_INCREMENT=101 DEFAULT CHARSET=utf8 COLLATE=utf8_unicode_ci;

INSERT INTO `users` VALUES ('1','IoT','Company','info@IoT.com','78','Co.','1965-06-30','9677 Klocko Knolls Suite 511\nPort Pattietown, PA 21293','1965-06-30 13:53:45','2011-07-29 10:04:26'),
('2','Fabiola','Koepp','americo.hauck@example.com','233','Dr.','1972-03-20','76540 Conroy Lake Apt. 734\nSouth Ella, TN 14870-0889','2013-12-14 09:24:13','1984-08-21 12:18:26'),
('3','Angeline','Simonis','richard02@example.net','1','Dr.','1986-03-27','755 Isobel Plain Suite 488\nSteubershire, PA 90407-2960','2005-02-07 05:12:17','1981-05-22 18:55:27'),
('4','Mireille','Kunde','ggreen@example.com','330385','Mrs','1972-03-08','45603 Clifford Rapid\nNorth Nicholasburgh, MI 17623','2000-11-17 12:51:04','2015-05-06 04:05:17'),
('5','Ludie','Altenwerth','prohaska.sofia@example.org','379','Pro','1975-09-09','8437 Buckridge View\nPort Keagan, WV 41379-5249','2017-03-21 08:15:43','1980-09-01 22:20:33'),
('6','Daphney','Feeney','mjohns@example.com','577788','Dr.','1979-08-11','26623 Abdiel Ports Suite 643\nEast Rheaton, MO 19627','2007-10-30 05:05:02','2002-10-07 02:20:57'),
('7','Flo','Russel','patsy18@example.org','198186','Dr.','1977-10-18','831 Bernhard Divide Suite 080\nSouth Clarabelle, ND 93128-7391','1998-10-28 12:44:46','2007-07-24 06:47:24'),
('8','Carlie','Hyatt','gkrajcik@example.org','0','Pro','1992-01-02','2628 Abernathy Crossing Apt. 438\nSawayntown, WY 47767','1974-11-12 22:35:21','1980-10-20 18:57:38'),
('9','Marcia','Daniel','mohr.vaughn@example.com','406','Dr.','1977-04-24','04939 Nikolaus Viaduct Suite 366\nPort Madison, MA 05796','1983-07-30 17:40:23','2002-07-14 22:42:13'),
('10','Emmanuelle','Schneider','izabella60@example.org','0','Pro','1974-08-09','8196 Frederick Drive\nWest Larueburgh, RI 45086','2013-06-12 07:20:34','1975-05-24 07:49:00'),
('11','Amy','Leuschke','chelsea40@example.com','122894','Pro','1989-02-15','6663 Doyle Curve Apt. 012\nWelchchester, MS 06092','2013-01-26 08:07:53','2000-11-10 13:14:48'),
('12','Mackenzie','Cartwright','carleton19@example.net','65','Pro','2005-02-12','417 Reed Divide Apt. 398\nLubowitzport, DC 97796','2005-04-23 10:37:24','1987-03-25 09:41:23'),
('13','Demarco','Swift','floy.ebert@example.org','374','Dr.','2016-12-31','8703 DuBuque Tunnel Suite 443\nHoegermouth, NC 08423-0090','1999-12-03 19:02:16','1970-06-19 02:51:16'),
('14','Cordia','Gibson','johnpaul.hettinger@example.net','1','Mis','2011-05-24','30978 Meagan Vista\nCristopherhaven, VT 95245','1978-01-13 05:25:35','1981-04-07 03:40:37'),
('15','Nickolas','Hermiston','jkeebler@example.org','1','Dr.','1996-08-07','35334 Kiehn Estates\nHollymouth, IL 81957','2000-01-07 12:08:57','2018-04-09 23:07:20'),
('16','Ford','Hoeger','ruthe.ernser@example.com','137399','Mr.','2006-12-19','5538 Moriah Pine Apt. 786\nPort Delphaside, VA 20991','1985-09-07 23:17:33','1974-06-15 22:07:02'),
('17','Christian','Gulgowski','lwisoky@example.org','154788','Mr.','2004-03-03','6894 Huel Mews\nPansyfurt, WV 29126-2733','1992-09-02 00:25:16','1978-12-25 12:34:09'),
('18','Bernice','Rutherford','gibson.domenica@example.com','643903','Mrs','1975-12-27','58376 Smitham Junction\nNorth Danikaville, OK 41757-5093','1989-03-13 04:22:22','2010-10-04 19:05:56'),
('19','Treva','Skiles','vbergstrom@example.org','257956','Mr.','1991-04-13','208 Hilton Ferry\nDareton, VA 73953','2002-08-11 17:52:29','1994-12-02 09:06:41'),
('20','Nathanial','Leffler','kertzmann.elza@example.net','1','Mrs','2019-04-07','5139 Price Course Suite 717\nKearabury, WI 04448','1970-05-03 15:42:27','2001-07-08 17:53:33'),
('21','Tamia','Johnston','delphia60@example.org','0','Pro','1992-11-25','0950 Harris Lake Apt. 367\nEast Paul, NM 02196-1732','2010-05-04 06:53:00','1985-08-26 07:10:03'),
('22','Fanny','King','katelyn.torphy@example.com','1','Mr.','1978-05-25','8597 Jarrett Falls\nKeelingborough, KY 00357-0604','1977-09-08 22:22:52','1996-02-19 21:02:14'),
('23','Kacie','Friesen','josinski@example.org','799','Pro','1972-03-11','7637 Frami Haven\nBradtkemouth, MT 57715','1973-08-21 16:44:42','2007-10-12 23:23:57'),
('24','Rey','Wyman','bankunding@example.com','8093218897','Pro','2013-09-06','9368 Roslyn Ports\nWest Craigview, MA 10914-5950','1977-05-23 11:24:03','2005-08-04 18:41:35'),
('25','May','Bogisich','eric39@example.com','0','Ms.','1978-04-20','72772 Swift Fall\nSouth Raquelberg, ND 50466-8981','1992-09-26 17:32:13','1992-05-25 21:25:54'),
('26','Friedrich','Ritchie','ron.hayes@example.net','2047279861','Pro','2018-04-02','1537 McCullough Camp\nMagaliburgh, MT 14207-1813','2001-07-19 14:46:36','2017-08-08 04:59:01'),
('27','Emerald','Swaniawski','lkozey@example.com','0','Dr.','2004-10-22','0455 Langworth Stream\nNew Madilynhaven, VA 84254-0487','1999-08-31 03:29:16','1995-11-17 17:53:06'),
('28','Ryan','Schmitt','vella.kunze@example.net','1','Mr.','1991-08-17','4892 Wunsch Hills\nEast Trycia, FL 10017-9238','2016-12-28 16:54:56','1973-09-04 13:55:03'),
('29','Royal','Rodriguez','oruecker@example.com','568314','Mr.','2006-08-21','92157 Murazik Light Suite 457\nVickiefort, SD 34353-3874','2010-12-22 10:04:23','1998-11-13 23:03:45'),
('30','Issac','Gottlieb','hilpert.carmel@example.org','1','Pro','2005-07-01','488 Wunsch Ford Suite 922\nLake Emmanuel, WY 91719-4356','1987-02-16 23:01:09','1981-11-23 03:11:10'),
('31','Geoffrey','Herman','lori.erdman@example.net','709','Pro','1979-10-02','443 Monahan Street Apt. 132\nAlvenachester, TX 33612-3991','2005-06-04 00:14:08','2005-01-21 05:55:19'),
('32','Damion','Lowe','yost.ollie@example.org','149264','Mrs','1972-09-02','32684 Schultz Drives Suite 240\nSouth Lew, NH 38210-8886','2015-10-05 21:06:55','2013-11-13 20:42:36'),
('33','Candice','Christiansen','mann.jaylin@example.com','874','Dr.','2015-07-22','6353 Dach Causeway\nCarystad, NY 92270','2003-12-08 03:49:56','1979-07-10 23:59:07'),
('34','Opal','Kunze','harris.otis@example.net','882562','Dr.','2008-12-27','956 Herzog Mall\nEast Jadaview, RI 46838','1985-03-18 10:33:13','1980-03-07 15:13:47'),
('35','Sonya','Stark','brennon.cartwright@example.net','0','Mr.','2009-05-23','5388 Harris Islands Suite 102\nPourostown, MS 76958-8464','1998-08-27 13:58:21','1995-03-12 18:00:31'),
('36','Brielle','Wunsch','patricia10@example.com','744','Mr.','1977-09-13','06662 Johnston Valleys Suite 532\nDenesikhaven, IN 94992','2014-03-27 03:17:36','1985-01-23 20:41:40'),
('37','Ona','Ruecker','iluettgen@example.com','1','Pro','2004-12-18','873 Agustin Rapids Apt. 751\nNew Susana, VT 87535','2010-08-11 22:29:02','1974-09-03 19:35:03'),
('38','Hilbert','Wunsch','dillan.deckow@example.net','0','Mr.','1980-05-23','40057 Goodwin Street Suite 613\nRosenbaumborough, WI 05643','2016-12-16 08:51:23','1992-06-13 03:39:03'),
('39','Camron','Hoeger','thoeger@example.com','1','Dr.','2016-12-17','72611 Breitenberg Lodge\nEast Natalietown, GA 76003','1989-04-08 19:13:41','1986-07-04 00:12:18'),
('40','Natalie','Cummerata','allie12@example.net','1','Mr.','2009-09-21','59898 Price Streets Suite 968\nRaphaelleburgh, DE 31894','2006-03-06 20:40:38','1993-04-04 09:50:42'),
('41','Ashleigh','Keeling','esauer@example.com','56','Mr.','1975-05-22','9747 Champlin Corners Apt. 295\nDanmouth, KS 71309','1987-01-11 10:46:49','1991-10-14 20:03:15'),
('42','Manuel','Abernathy','luella.strosin@example.net','99','Dr.','2018-09-29','8015 Lesley Heights\nEast Gussie, TN 84705-1519','1979-11-13 19:36:21','2016-12-18 10:03:32'),
('43','Elsa','Schroeder','anastasia.mann@example.net','179337','Mrs','2013-01-01','46369 Hayes Junctions Apt. 791\nPort Aisha, RI 01397-7309','1989-10-04 23:46:17','1974-02-25 09:03:02'),
('44','Lance','Marvin','corine.klein@example.net','1','Mis','1992-06-27','75833 Scottie View\nWarrenberg, AR 73017','2016-08-31 17:41:26','2011-05-12 16:39:53'),
('45','Jena','Mayer','cremin.jevon@example.net','0','Pro','1990-11-21','6777 Kuphal Trace Apt. 531\nWehnerbury, LA 98323-3557','1984-06-16 10:32:01','2010-01-26 10:55:43'),
('46','Jose','Hane','shayne.ullrich@example.com','13','Mrs','2003-11-25','4064 Myrna Ramp Suite 359\nEliseochester, KS 17038','1985-07-08 22:11:55','1989-06-21 02:15:20'),
('47','Dock','Morar','krippin@example.org','511721','Mr.','1970-11-21','73589 Loyal Cape Apt. 599\nSouth Laneport, RI 69856-6451','1977-03-30 02:09:14','1974-12-20 21:11:59'),
('48','Creola','Halvorson','gwiza@example.net','44','Mrs','2017-01-31','487 Goodwin Branch Apt. 192\nMelanyland, WY 72550','1995-01-03 23:37:18','1987-02-19 14:31:50'),
('49','Maddison','Wiza','arnoldo95@example.org','0','Mis','1990-03-03','76641 Grayson Shores\nEast Doloresville, NM 48429','1994-10-30 01:38:32','2005-10-13 03:55:28'),
('50','Neoma','Boyer','gbeer@example.net','1','Mrs','1985-08-07','55139 Garret Via Suite 893\nNew Paolo, SC 63414','2008-05-26 11:31:37','2017-05-16 16:56:49'),
('51','Durward','Gislason','dreichel@example.org','694','Pro','1999-11-07','637 Kelton Cove\nEast Kimview, CA 24110','2003-05-20 22:13:17','2011-05-03 18:29:26'),
('52','Kayleigh','Beer','kovacek.johnson@example.com','810273','Mrs','1971-11-21','734 Electa Ford\nEast Martineland, KS 18684','1989-04-28 02:35:47','1971-09-25 08:07:03'),
('53','Diamond','Miller','glesch@example.com','0','Pro','1976-03-18','468 Satterfield Motorway\nEast Damien, CT 27902-4521','1976-07-18 10:40:23','2016-10-06 22:27:09'),
('54','Bridie','Koepp','xwalker@example.net','0','Ms.','1998-07-03','0078 Clint Wall Apt. 830\nSedrickport, NJ 80512','2019-04-09 18:34:31','1992-09-02 10:58:24'),
('55','Robert','Conn','rubye28@example.net','5246149504','Dr.','1996-12-04','52665 Christiansen Locks Suite 831\nClaudiastad, ND 70562','1985-10-07 20:35:32','1978-05-05 04:15:52'),
('56','Turner','Runolfsdottir','nwest@example.com','959993','Mis','1982-10-23','3999 Senger Islands Apt. 774\nSouth Kalifort, DC 02024-7182','1971-07-05 00:33:05','2004-10-18 12:54:53'),
('57','Chelsea','Bahringer','alberta31@example.net','387','Pro','1974-12-30','3862 Eliza Ports\nWinfieldberg, MI 16505','1973-08-02 03:56:38','2007-11-08 03:38:29'),
('58','Tom','Jacobi','nitzsche.delfina@example.org','0','Dr.','1983-08-15','4258 Theresia Turnpike Apt. 581\nRogelioport, NH 02384-2133','1993-07-03 15:36:48','1989-12-24 12:55:24'),
('59','Zetta','Parker','omari12@example.net','198048','Pro','2011-08-01','51336 Lockman Spurs Apt. 011\nSawaynburgh, AK 87154','2014-03-02 08:32:12','1970-12-03 00:07:59'),
('60','Kira','Grimes','lchristiansen@example.org','0','Pro','1997-01-28','495 Benjamin Dam\nWest Sheaport, TX 96112','1980-08-31 12:49:45','1985-03-31 09:03:49'),
('61','Timothy','Haley','prohaska.catharine@example.org','0','Dr.','2000-06-15','4718 Bruen Stream\nWest Alisonfort, NH 33426-5270','1980-05-31 03:29:37','2020-01-22 00:05:37'),
('62','Amelia','Mills','sarmstrong@example.net','522','Mis','2014-09-29','220 Linnie Square\nMissouriberg, CA 06721-0765','1994-08-08 18:54:01','1999-12-20 11:58:41'),
('63','Jennings','Deckow','pedro.wunsch@example.com','0','Mrs','2003-06-22','85666 Connelly Squares\nSouth Maeganfurt, WI 56369-4945','1973-09-02 10:29:42','1989-07-26 21:38:20'),
('64','Vernice','Oberbrunner','hoyt.brakus@example.com','493','Pro','1984-07-07','6538 Boyer Circles\nSouth Donnell, NE 62280-3069','1976-01-25 04:08:03','1985-04-26 03:12:10'),
('65','Janelle','Schinner','jast.eloy@example.org','1','Ms.','1993-12-13','531 Layla Ports Suite 041\nBeerfurt, ME 03412-4291','1998-09-06 09:09:35','2011-11-10 18:23:53'),
('66','Olaf','Murphy','ndicki@example.com','496825','Mr.','1979-11-10','6284 Irwin Springs Suite 912\nEast Adityatown, MT 38311-4562','1998-12-20 00:22:49','1978-04-03 06:16:37'),
('67','Turner','Friesen','chase06@example.org','711','Dr.','2005-06-13','3622 Hobart Forks Apt. 962\nPort Joesphmouth, WI 62922-8797','1992-01-28 20:03:51','1992-07-21 09:13:37'),
('68','Allison','Monahan','bschuster@example.net','18','Dr.','2003-03-18','01213 Schiller Glens Apt. 456\nBillyton, GA 75180','2006-01-09 05:34:46','1973-02-12 00:57:02'),
('69','Hubert','Quigley','go\'conner@example.net','361','Pro','1970-05-26','491 Runte Fall\nEast Anabelletown, RI 27045','2014-12-29 22:24:07','1999-02-09 17:50:08'),
('70','Kellie','Oberbrunner','daniela47@example.com','0','Dr.','1986-07-31','3043 Wiegand Viaduct Suite 639\nPierremouth, CA 54884','1976-09-10 16:35:10','1975-10-05 17:12:50'),
('71','Aida','Crona','alvah.torphy@example.com','540','Ms.','2009-02-26','164 Sierra Camp Suite 247\nPort Genevieve, IN 69288','2014-12-05 05:11:59','1995-08-31 22:24:12'),
('72','Karson','Harvey','susanna.auer@example.org','0','Mr.','1974-08-10','158 Britney Flat Apt. 223\nEast Anna, IL 35909','1998-07-06 18:49:27','2013-11-23 15:49:51'),
('73','Ruthie','Monahan','geo21@example.org','184','Dr.','1983-07-09','7121 Hahn Bridge Apt. 898\nSouth Grayceview, NV 62566-4781','1994-04-21 17:44:12','2011-01-24 07:39:04'),
('74','Raoul','Herzog','krajcik.ignacio@example.com','1','Pro','2017-08-08','40817 Mya Keys Apt. 181\nXanderhaven, WV 11846-8596','2001-05-02 13:50:07','1981-09-28 06:52:05'),
('75','Kiera','Aufderhar','selmer19@example.org','285826','Dr.','2014-03-24','09047 Langosh Squares\nLehnerburgh, NJ 85407','1996-01-17 04:34:18','2007-05-11 07:27:03'),
('76','Maymie','Hudson','ztoy@example.org','0','Pro','1988-09-06','878 Hattie Island Suite 307\nMateoview, SC 55552','1970-12-07 22:33:20','1987-01-05 00:00:04'),
('77','Colt','Lynch','anabel.larkin@example.com','71','Dr.','2001-04-29','3056 Lemke Parks Apt. 391\nLake Carlottaberg, UT 88387-2043','2019-08-18 02:45:11','1981-04-27 09:31:12'),
('78','Nellie','Moore','raquel.schoen@example.com','761','Dr.','1971-11-10','7096 Cristopher Loop\nWolfffurt, NY 48309','1982-03-11 21:07:04','1980-07-01 08:19:36'),
('79','Gracie','Farrell','arno75@example.org','79','Dr.','1989-05-02','2079 Alison Pass\nCiceroview, MO 15603','2016-03-14 13:58:49','1979-10-14 22:17:13'),
('80','Preston','Sporer','jillian57@example.org','9424384525','Mrs','2015-12-17','3807 Johnson Spring\nNorth Carolina, MD 35110-5466','2004-09-26 11:57:24','2017-11-19 06:28:06'),
('81','Vesta','Mueller','norval16@example.net','89833','Pro','1974-06-21','53608 Kilback Lodge\nNorth Lisette, MT 14303-6234','1993-11-27 02:04:10','1975-07-01 00:42:34'),
('82','Michaela','Pacocha','schuppe.mathilde@example.org','877','Mrs','1999-11-14','146 Jacobs Lane\nZeldaton, NH 70315-9283','2009-04-11 23:23:15','1996-03-01 20:59:13'),
('83','Zachariah','Koepp','powlowski.wilford@example.com','0','Pro','1991-04-26','06079 Titus Groves Apt. 653\nSouth Lorena, NE 33488-6105','2015-06-14 07:47:49','1978-06-01 08:51:07'),
('84','Susan','McClure','rmurphy@example.com','343147','Pro','1975-10-01','22309 Korbin Spring Apt. 099\nSouth Merritt, LA 99036','1998-07-31 11:00:24','1997-11-25 15:27:03'),
('85','Millie','Little','cole.stephon@example.com','1','Pro','1977-08-14','891 Rodriguez Field Apt. 995\nEast Kaitlinshire, WI 47194-0227','1977-05-14 00:18:35','2017-03-02 13:20:14'),
('86','Joan','Harris','pagac.kaden@example.net','1','Mrs','1987-12-03','164 Mortimer Landing\nBetteland, IL 45697','1982-09-22 15:03:38','2019-04-13 21:54:23'),
('87','Dewitt','VonRueden','stella.satterfield@example.com','98','Dr.','2013-02-07','9026 Hilll Courts\nPrudenceton, MD 78278-2326','2006-01-03 02:11:43','1980-01-25 14:50:46'),
('88','Lewis','Lockman','stone.jerde@example.com','0','Pro','2012-03-24','350 Nikolaus Ways Apt. 720\nEast Ameliamouth, DC 85029-6433','1971-05-01 08:00:29','2003-07-14 06:16:40'),
('89','Kaley','Conn','jon44@example.com','95','Pro','2013-11-19','5161 Carroll Lake\nO\'Reillymouth, VA 53432-6109','2013-03-05 05:16:39','1970-01-09 22:25:12'),
('90','Jessika','Kiehn','reuben.stracke@example.net','377855','Dr.','1975-07-03','87414 Simonis Bridge\nKemmershire, OH 95220-5215','2005-08-31 05:39:17','1994-07-09 22:04:54'),
('91','Dorris','Brown','ycorwin@example.com','931747','Ms.','1989-12-21','21453 Evan Gardens Suite 031\nLake Caterinatown, MO 51143','1974-12-13 22:18:25','1997-03-25 09:42:01'),
('92','Xavier','Ledner','lucius.hoeger@example.com','7138643494','Dr.','2013-01-14','2124 River Villages\nPort Theresetown, MI 63482','2015-01-27 04:50:41','1971-10-18 16:52:00'),
('93','Flo','Beatty','co\'kon@example.net','327139','Pro','2018-01-31','85628 Williamson Pass Apt. 466\nHarrisonstad, ND 30566-6665','2019-05-25 09:14:58','2012-03-03 13:55:36'),
('94','Jayde','Grady','gleason.gaylord@example.com','476','Dr.','1980-11-18','8028 Batz Drives\nJoesphhaven, SD 74447','2007-10-09 20:53:31','1981-10-13 01:08:57'),
('95','Coleman','Lehner','strosin.shayna@example.com','63','Pro','2004-01-11','0239 Jensen River Apt. 306\nBrucetown, NH 60858','1983-05-27 01:12:42','1975-09-14 21:32:19'),
('96','Ephraim','Roberts','rossie29@example.net','5524947342','Mr.','1973-12-09','7261 Shanahan Canyon\nJosianneside, IN 52077-8243','1998-02-08 01:04:28','2013-05-31 20:40:51'),
('97','Everette','Goldner','dare.kianna@example.net','6843975904','Mis','1993-11-19','590 Junius Curve\nHettingerview, ND 20127','2010-04-04 14:39:17','1989-06-20 20:48:44'),
('98','Sharon','Jacobs','agutmann@example.com','1','Dr.','1995-04-11','59692 Maurine View Suite 708\nStellafurt, MT 12276-0192','1982-01-30 22:10:06','2008-09-16 15:35:17'),
('99','Janessa','Kulas','eryn23@example.org','19','Ms.','2010-01-04','9585 Edna Parkways\nEast Magnus, SC 67045','1986-11-13 17:40:50','1996-03-28 14:28:23'),
('100','Kiarra','Gutmann','willms.anjali@example.com','219','Mr.','1989-01-09','137 Sylvester Motorway\nBeierville, VA 72115','1982-07-10 20:21:09','2019-03-29 13:03:35'); 

DROP TABLE IF EXISTS `iot_categories`;
CREATE TABLE `iot_categories` (
  `id` bigint(20) unsigned NOT NULL AUTO_INCREMENT,
  `electricity_id` bigint(20) unsigned NOT NULL,
  `video_surveillance_id` bigint(20) unsigned NOT NULL,
  `smart_speaker_id` bigint(20) unsigned NOT NULL,
  `air_conditioner_id` bigint(20) unsigned NOT NULL,
  `heating_id` bigint(20) unsigned NOT NULL,
  `water_id` bigint(20) unsigned NOT NULL,
  `security_id` bigint(20) unsigned NOT NULL,
  PRIMARY KEY (`id`),
  UNIQUE KEY `electricity_id` (`electricity_id`),
  UNIQUE KEY `video_surveillance_id` (`video_surveillance_id`),
  UNIQUE KEY `smart_speaker_id` (`smart_speaker_id`),
  UNIQUE KEY `air_conditioner_id` (`air_conditioner_id`),
  UNIQUE KEY `heating_id` (`heating_id`),
  UNIQUE KEY `water_id` (`water_id`),
  UNIQUE KEY `security_id` (`security_id`),
  KEY `user_idx` (`id`),
  CONSTRAINT `iot_categories_ibfk_1` FOREIGN KEY (`id`) REFERENCES `users` (`id`)
) ENGINE=InnoDB AUTO_INCREMENT=101 DEFAULT CHARSET=utf8 COLLATE=utf8_unicode_ci;

INSERT INTO `iot_categories` VALUES ('1','225','549','713','575','211','887','626'),
('2','725','775','739','707','72','938','241'),
('3','242','63','13','750','204','763','390'),
('4','276','376','412','281','683','322','971'),
('5','848','705','872','27','402','540','177'),
('6','821','342','98','404','494','485','47'),
('7','448','167','636','762','797','905','95'),
('8','343','443','920','435','341','561','768'),
('9','576','572','162','169','285','746','660'),
('10','371','106','785','319','723','793','701'),
('11','324','239','78','964','796','958','611'),
('12','101','554','362','619','889','990','185'),
('13','335','852','221','921','915','892','134'),
('14','842','45','132','603','312','711','414'),
('15','631','394','359','824','586','161','975'),
('16','686','103','559','840','165','180','924'),
('17','929','444','158','93','120','118','781'),
('18','208','495','812','765','200','127','937'),
('19','42','170','330','198','826','381','940'),
('20','147','934','271','881','548','969','668'),
('21','897','109','623','696','117','291','493'),
('22','86','372','766','119','233','18','90'),
('23','669','625','475','59','805','468','890'),
('24','346','582','331','877','451','244','710'),
('25','420','814','737','760','338','741','834'),
('26','23','534','577','434','471','209','254'),
('27','30','635','803','60','942','20','882'),
('28','235','571','357','931','379','573','264'),
('29','688','944','289','387','303','673','612'),
('30','997','166','374','188','788','194','405'),
('31','907','886','424','163','438','459','5'),
('32','446','473','909','53','415','283','662'),
('33','73','901','706','489','550','653','144'),
('34','364','353','408','270','288','960','986'),
('35','450','935','666','178','645','880','135'),
('36','460','323','15','771','305','130','967'),
('37','609','933','445','947','968','380','199'),
('38','651','391','368','248','539','599','99'),
('39','231','3','266','526','150','863','503'),
('40','7','697','680','123','355','22','483'),
('41','690','19','679','974','192','533','181'),
('42','537','875','481','213','442','189','515'),
('43','112','206','914','125','279','366','370'),
('44','632','854','850','869','26','722','250'),
('45','802','899','943','466','307','874','908'),
('46','36','131','804','579','864','1','29'),
('47','347','695','256','311','318','399','994'),
('48','995','14','154','207','38','40','441'),
('49','195','100','808','605','452','174','369'),
('50','81','787','509','580','927','868','37'),
('51','565','857','724','56','215','756','585'),
('52','941','114','375','409','670','618','222'),
('53','547','148','301','421','9','925','811'),
('54','269','638','470','474','186','717','317'),
('55','551','504','566','919','464','837','28'),
('56','261','743','24','51','853','932','514'),
('57','544','262','675','600','779','236','66'),
('58','633','21','492','179','656','715','860'),
('59','332','137','591','685','748','321','306'),
('60','75','298','384','91','718','49','953'),
('61','684','251','830','173','841','463','800'),
('62','205','389','487','344','939','500','520'),
('63','413','340','210','513','419','888','273'),
('64','843','807','292','243','893','847','601'),
('65','124','122','57','902','694','275','898'),
('66','351','926','555','152','378','116','596'),
('67','274','910','832','642','300','339','996'),
('68','168','406','255','433','780','867','350'),
('69','569','102','991','187','219','753','906'),
('70','229','823','818','429','212','284','517'),
('71','629','767','822','923','627','228','265'),
('72','952','655','88','426','175','999','735'),
('73','240','604','749','639','784','809','712'),
('74','472','597','704','714','844','32','246'),
('75','570','44','528','155','82','388','644'),
('76','790','201','729','918','328','977','988'),
('77','615','41','61','562','159','126','129'),
('78','308','333','726','304','280','734','687'),
('79','436','879','506','527','136','395','959'),
('80','282','491','121','329','972','4','392'),
('81','12','519','795','652','141','361','928'),
('82','560','525','295','516','84','637','462'),
('83','721','272','719','764','35','677','52'),
('84','831','410','348','664','79','884','345'),
('85','703','985','377','956','227','507','293'),
('86','80','794','510','64','325','25','738'),
('87','71','578','505','96','143','682','431'),
('88','499','139','422','393','396','358','482'),
('89','607','407','302','316','720','982','488'),
('90','900','556','454','641','432','268','608'),
('91','630','776','453','542','76','861','757'),
('92','634','558','617','277','214','400','354'),
('93','183','663','672','224','583','961','382'),
('94','759','530','851','904','563','286','650'),
('95','104','798','628','992','789','894','676'),
('96','352','290','543','553','92','777','202'),
('97','430','640','536','782','484','820','16'),
('98','948','216','770','258','674','883','833'),
('99','755','945','153','859','816','671','916'),
('100','911','681','873','360','197','806','702'); 

DROP TABLE IF EXISTS `air_conditioners`;
CREATE TABLE `air_conditioners` (
  `id` bigint(20) unsigned NOT NULL AUTO_INCREMENT,
  `user_id` bigint(20) unsigned NOT NULL,
  `air_conditioner_id` bigint(20) unsigned NOT NULL,
  `air_conditioner_type` enum('Hitachi','Mitsubishi','None') COLLATE utf8_unicode_ci DEFAULT NULL,
  `status` enum('on','off','unused') COLLATE utf8_unicode_ci DEFAULT NULL,
  `created_at` datetime DEFAULT current_timestamp(),
  `updated_at` datetime DEFAULT current_timestamp() ON UPDATE current_timestamp(),
  PRIMARY KEY (`id`),
  UNIQUE KEY `user_id` (`user_id`),
  UNIQUE KEY `air_conditioner_id` (`air_conditioner_id`),
  KEY `user_id_idx` (`user_id`),
  CONSTRAINT `air_conditioners_ibfk_1` FOREIGN KEY (`air_conditioner_id`) REFERENCES `iot_categories` (`air_conditioner_id`),
  CONSTRAINT `air_conditioners_ibfk_2` FOREIGN KEY (`user_id`) REFERENCES `iot_categories` (`id`)
) ENGINE=InnoDB AUTO_INCREMENT=201 DEFAULT CHARSET=utf8 COLLATE=utf8_unicode_ci;

INSERT INTO `air_conditioners` VALUES ('101','48','489','Mitsubishi','off','1974-01-28 15:21:24','1976-08-29 10:02:52'),
('102','27','974','Hitachi','on','2008-09-20 09:57:53','1974-01-01 19:20:02'),
('103','71','329','None','unused','2004-06-09 12:50:45','1989-01-07 15:52:20'),
('104','59','918','Mitsubishi','on','1975-11-07 12:17:40','2013-01-03 12:22:58'),
('105','43','198','Hitachi','on','1981-03-27 17:36:49','1982-05-01 09:50:01'),
('106','15','187','None','unused','1994-11-09 11:01:43','1970-10-28 20:19:29'),
('107','11','923','Mitsubishi','off','1977-10-04 16:19:19','1970-06-15 07:40:23'),
('108','38','696','None','unused','1981-05-20 21:51:27','2015-08-31 13:59:25'),
('109','47','188','Hitachi','on','1985-12-24 05:22:46','1975-08-20 03:58:06'),
('110','2','123','Hitachi','on','2016-07-02 16:11:36','1992-09-22 23:26:06'),
('111','37','421','None','unused','1975-07-22 12:54:24','2013-10-15 06:27:16'),
('114','55','311','None','unused','1997-09-07 19:03:23','2012-07-13 09:21:09'),
('116','69','466','Hitachi','on','2002-06-22 05:08:02','1985-04-25 05:36:32'),
('117','92','931','Mitsubishi','off','1984-12-25 00:23:54','1989-01-10 20:25:55'),
('118','49','580','Mitsubishi','off','1997-11-15 21:26:37','1979-11-28 16:54:16'),
('119','32','64','Hitachi','on','2017-04-15 09:11:28','2005-11-28 07:20:25'),
('120','53','707','Mitsubishi','off','1982-07-22 20:29:39','2008-01-23 19:08:08'),
('121','30','639','Hitachi','on','1991-02-06 12:42:18','1976-11-06 13:12:05'),
('122','95','387','Mitsubishi','on','1981-02-02 06:03:53','1974-03-07 14:14:16'),
('123','61','281','None','unused','1995-10-13 19:28:00','2009-02-28 20:08:42'),
('126','19','904','Mitsubishi','on','1970-11-11 18:42:04','1981-04-18 01:26:34'),
('127','58','125','None','unused','1988-03-05 12:55:16','1994-04-23 04:26:32'),
('128','42','59','Mitsubishi','off','2009-02-07 23:48:18','1989-03-25 20:44:04'),
('129','4','947','None','unused','1979-05-01 18:53:27','1999-06-24 18:58:41'),
('130','39','60','Hitachi','on','1973-02-24 17:17:18','2004-07-23 00:48:53'),
('131','36','91','Hitachi','off','1972-05-25 15:02:31','2015-02-24 13:52:40'),
('133','3','53','None','unused','2004-11-15 08:21:02','2014-12-06 18:55:38'),
('135','10','404','Hitachi','off','1995-11-24 06:39:27','2005-05-12 03:17:56'),
('136','8','360','Mitsubishi','on','2012-09-24 15:35:02','1987-04-08 11:34:50'),
('138','79','642','None','unused','2005-06-25 08:10:32','1977-12-04 10:06:24'),
('139','35','919','None','unused','2001-11-13 11:51:09','2004-12-16 01:53:27'),
('140','76','881','Mitsubishi','on','1994-06-01 20:45:40','2004-02-02 19:08:59'),
('142','77','603','None','unused','2004-07-30 09:36:35','1981-04-03 15:45:00'),
('143','6','173','Hitachi','off','1971-05-07 20:57:24','1976-09-09 18:15:38'),
('144','68','96','Mitsubishi','off','2004-06-23 02:49:13','1974-10-01 18:10:08'),
('149','72','605','Hitachi','off','1996-11-17 14:42:55','2013-08-15 03:28:20'),
('150','51','771','None','unused','1985-11-28 11:54:00','1977-02-17 22:13:31'),
('151','7','553','Mitsubishi','on','1997-07-14 15:40:52','2019-05-02 01:50:02'),
('152','20','163','None','unused','2006-03-28 14:18:12','1992-10-15 22:37:51'),
('155','89','575','Mitsubishi','off','1986-09-03 04:09:44','2016-01-28 17:22:41'),
('157','54','562','Hitachi','on','1988-05-24 00:30:10','2016-10-16 11:18:19'),
('168','99','270','None','unused','1986-07-09 13:40:22','2001-10-18 06:13:55'),
('169','21','824','None','unused','1972-05-07 11:40:51','2019-11-13 13:01:37'),
('170','24','93','None','unused','1997-11-12 02:43:13','2010-12-08 11:02:32'),
('181','34','782','None','unused','1998-12-28 05:29:44','1977-05-02 15:06:05'),
('184','33','213','Hitachi','on','1978-05-18 14:57:53','1971-08-29 17:44:15'),
('188','57','224','Hitachi','off','1975-08-12 16:10:06','2017-01-11 14:20:14'),
('189','97','119','None','unused','1981-10-31 16:22:29','2005-05-29 04:38:37'),
('194','93','304','None','unused','1973-07-18 08:27:36','1977-04-02 23:15:21'),
('195','80','664','Hitachi','on','1990-08-16 02:06:59','1978-08-20 19:49:19'),
('196','87','152','Hitachi','on','2001-04-07 11:22:05','2014-09-11 14:16:17'),
('198','16','542','Mitsubishi','off','1983-09-05 19:19:57','1980-02-16 12:57:45'),
('199','62','435','Hitachi','on','2019-04-30 13:36:30','2005-12-04 05:33:05'); 


DROP TABLE IF EXISTS `electricities`;
CREATE TABLE `electricities` (
  `id` bigint(20) unsigned NOT NULL AUTO_INCREMENT,
  `user_id` bigint(20) unsigned NOT NULL,
  `electricity_id` bigint(20) unsigned NOT NULL,
  `electricity_type` enum('1-room','2-rooms','None') COLLATE utf8_unicode_ci DEFAULT NULL,
  `status` enum('on','off','unused') COLLATE utf8_unicode_ci DEFAULT NULL,
  `created_at` datetime DEFAULT current_timestamp(),
  `updated_at` datetime DEFAULT current_timestamp() ON UPDATE current_timestamp(),
  PRIMARY KEY (`id`),
  UNIQUE KEY `user_id` (`user_id`),
  UNIQUE KEY `electricity_id` (`electricity_id`),
  KEY `user_id_idx` (`user_id`),
  CONSTRAINT `electricities_ibfk_1` FOREIGN KEY (`electricity_id`) REFERENCES `iot_categories` (`electricity_id`),
  CONSTRAINT `electricities_ibfk_2` FOREIGN KEY (`user_id`) REFERENCES `iot_categories` (`id`)
) ENGINE=InnoDB AUTO_INCREMENT=201 DEFAULT CHARSET=utf8 COLLATE=utf8_unicode_ci;

INSERT INTO `electricities` VALUES ('101','100','609','1-room','off','1995-09-12 15:23:48','2005-04-22 14:45:53'),
('103','63','12','2-rooms','on','1989-07-30 04:25:36','2006-02-20 23:51:03'),
('104','2','725','None','unused','1975-01-18 04:04:57','1972-04-05 12:24:28'),
('105','51','364','2-rooms','on','1991-04-27 20:03:44','2004-10-27 22:36:14'),
('106','97','276','2-rooms','off','2011-07-25 12:11:45','1985-08-24 07:29:43'),
('107','61','450','1-room','off','2017-01-03 22:19:20','1984-07-25 03:00:12'),
('108','8','941','None','unused','1974-01-09 20:42:45','2002-03-25 12:56:30'),
('111','46','607','None','unused','2010-11-04 08:40:42','2013-08-01 21:02:34'),
('112','79','75','2-rooms','on','1987-06-30 07:38:06','1972-05-17 12:06:36'),
('113','41','499','2-rooms','off','2013-07-08 14:00:59','1985-04-30 12:26:36'),
('114','20','23','None','unused','2012-05-01 04:47:05','1995-04-19 16:19:36'),
('115','11','225','2-rooms','off','1978-04-16 00:38:42','1981-10-16 12:28:25'),
('116','56','80','2-rooms','on','1981-11-25 19:27:36','2017-04-13 15:23:55'),
('117','87','544','None','unused','1970-10-03 23:22:31','1984-10-29 09:12:36'),
('118','4','448','1-room','on','1980-11-23 05:26:14','2018-06-05 09:35:14'),
('119','57','36','2-rooms','off','2008-01-01 23:39:29','1990-11-01 02:09:11'),
('120','31','73','1-room','on','2003-02-09 16:15:11','1981-03-13 08:43:57'),
('121','47','240','None','unused','2010-08-06 13:27:45','1995-06-10 20:05:15'),
('123','78','430','1-room','on','2009-09-21 21:09:27','2011-07-09 01:30:30'),
('125','43','821','1-room','on','2001-12-17 18:34:46','1993-08-20 07:12:25'),
('126','1','842','1-room','on','2018-05-25 15:01:29','2016-02-01 13:07:26'),
('127','50','703','None','unused','2000-01-16 03:41:30','1981-08-06 03:04:23'),
('129','33','124','2-rooms','off','2011-01-10 09:54:28','2005-07-12 09:48:32'),
('131','39','436','None','unused','1971-11-18 12:35:01','1996-10-09 16:15:30'),
('132','52','235','None','unused','1975-02-15 16:43:21','1973-10-04 08:54:14'),
('133','3','537','1-room','on','2017-03-18 03:17:43','2003-02-09 07:13:18'),
('134','75','565','None','unused','1995-08-08 09:27:09','1999-01-25 05:34:33'),
('136','67','42','None','unused','1996-05-23 17:40:42','1974-10-07 18:19:05'),
('137','32','71','1-room','off','2018-08-15 22:25:04','1989-03-13 10:32:28'),
('143','37','721','2-rooms','on','2002-02-08 13:37:17','2018-08-31 22:58:24'),
('145','95','282','None','unused','1981-03-05 18:09:40','1989-09-21 18:33:08'),
('147','80','576','2-rooms','on','2011-02-09 01:16:54','1978-09-01 03:00:59'),
('148','58','755','1-room','on','1979-11-28 04:01:14','2012-05-07 03:03:57'),
('152','83','630','1-room','on','2003-07-11 22:09:54','2011-12-17 14:08:47'),
('156','64','101','2-rooms','on','1986-02-12 18:49:24','2005-05-09 16:44:55'),
('159','27','30','None','unused','1994-08-05 16:02:51','1976-03-04 23:26:55'),
('160','99','208','1-room','on','1993-08-09 16:32:36','1995-05-05 10:57:22'),
('163','72','86','1-room','on','2008-10-16 09:28:24','1996-06-08 22:36:11'),
('164','98','843','1-room','off','2005-08-29 05:18:39','2007-12-14 09:14:46'),
('165','44','343','None','unused','2008-03-15 15:30:59','2015-01-09 21:29:49'),
('171','59','900','2-rooms','off','1998-10-27 19:31:42','2004-12-29 11:56:53'),
('176','86','631','2-rooms','on','2005-01-13 03:30:26','1997-01-06 05:45:05'),
('177','88','347','None','unused','1997-07-15 20:44:42','2020-01-04 04:36:07'),
('181','19','104','2-rooms','on','1984-08-13 09:24:55','1990-08-13 05:01:00'),
('183','62','229','2-rooms','on','2017-09-21 06:46:39','2003-11-29 04:54:50'),
('197','26','929','2-rooms','off','2016-11-03 02:47:35','1980-06-12 01:24:35'); 


DROP TABLE IF EXISTS `heatings`;
CREATE TABLE `heatings` (
  `id` bigint(20) unsigned NOT NULL AUTO_INCREMENT,
  `user_id` bigint(20) unsigned NOT NULL,
  `heating_id` bigint(20) unsigned NOT NULL,
  `heating_type` enum('Noirot','Electrolux','None') COLLATE utf8_unicode_ci DEFAULT NULL,
  `status` enum('on','off','unused') COLLATE utf8_unicode_ci DEFAULT NULL,
  `created_at` datetime DEFAULT current_timestamp(),
  `updated_at` datetime DEFAULT current_timestamp() ON UPDATE current_timestamp(),
  PRIMARY KEY (`id`),
  UNIQUE KEY `user_id` (`user_id`),
  UNIQUE KEY `heating_id` (`heating_id`),
  KEY `user_id_idx` (`user_id`),
  CONSTRAINT `heatings_ibfk_1` FOREIGN KEY (`heating_id`) REFERENCES `iot_categories` (`heating_id`),
  CONSTRAINT `heatings_ibfk_2` FOREIGN KEY (`user_id`) REFERENCES `iot_categories` (`id`)
) ENGINE=InnoDB AUTO_INCREMENT=201 DEFAULT CHARSET=utf8 COLLATE=utf8_unicode_ci;

INSERT INTO `heatings` VALUES ('101','88','452','Electrolux','off','1988-11-17 13:41:48','2011-02-10 03:06:05'),
('102','30','215','None','unused','1996-04-19 20:03:55','1992-09-13 05:39:37'),
('103','31','300','Electrolux','on','2007-12-16 02:55:00','2002-07-21 14:17:47'),
('104','80','192','Noirot','off','2009-05-05 06:00:56','2016-07-28 01:41:14'),
('105','90','318','Noirot','on','2005-12-15 18:22:16','1986-06-14 17:46:16'),
('106','100','305','Electrolux','off','1986-07-26 21:22:42','2010-09-19 23:28:14'),
('107','46','586','None','unused','2017-10-09 12:58:14','1978-08-21 00:50:38'),
('108','25','656','Electrolux','on','1989-11-14 17:00:53','1981-08-08 06:29:20'),
('109','18','212','Noirot','on','1974-05-06 04:46:16','1995-05-31 15:48:38'),
('110','48','280','Noirot','on','2004-05-25 02:49:10','2019-09-05 02:14:34'),
('111','89','942','Electrolux','off','2013-12-03 23:34:15','1986-05-30 08:53:50'),
('112','62','583','Electrolux','on','2003-09-06 23:42:08','1980-05-20 02:30:43'),
('113','47','720','Electrolux','off','1986-05-06 01:15:49','1979-04-17 16:35:36'),
('115','67','471','Electrolux','on','2015-05-11 05:38:15','1999-11-28 11:41:28'),
('116','64','442','Electrolux','off','1975-03-06 03:27:49','1999-12-11 18:34:24'),
('117','15','893','None','unused','1986-08-21 14:05:50','1979-11-24 11:50:51'),
('118','83','355','Electrolux','on','1987-04-04 17:58:24','1975-02-22 15:54:04'),
('119','29','548','Electrolux','on','1980-07-09 03:59:25','1992-02-29 18:48:55'),
('120','66','165','Noirot','off','2019-08-31 07:17:17','2012-03-19 06:06:36'),
('122','56','396','Electrolux','off','2019-03-11 05:02:32','2011-07-04 06:39:49'),
('123','32','780','Electrolux','on','2016-04-30 23:40:09','2018-02-27 22:50:32'),
('124','19','402','None','unused','2013-03-06 15:12:26','2013-10-08 13:08:00'),
('128','61','92','Noirot','on','1972-11-01 17:57:11','2006-09-24 02:57:08'),
('129','21','38','Electrolux','on','1970-09-07 06:20:48','2002-11-24 02:49:46'),
('130','79','816','Noirot','off','2011-05-28 01:05:40','2005-08-29 22:53:56'),
('132','42','723','Noirot','on','2013-01-21 19:38:20','2015-11-18 16:53:00'),
('133','36','204','Electrolux','off','2016-09-21 20:37:33','2019-04-06 17:58:21'),
('134','22','550','Electrolux','off','1978-05-20 06:40:33','1974-03-09 12:32:44'),
('135','86','826','Noirot','off','1986-11-30 17:07:05','1994-01-07 13:14:26'),
('136','82','841','Electrolux','on','1996-11-18 06:56:28','2013-12-03 22:14:01'),
('137','54','303','Electrolux','on','1977-12-16 11:27:17','2001-10-29 15:37:13'),
('138','38','797','Electrolux','on','2002-08-10 02:28:09','1978-07-30 23:05:56'),
('139','17','451','Noirot','off','1989-11-20 19:44:55','1984-05-10 03:36:03'),
('140','35','200','Electrolux','on','2013-01-16 22:14:56','1978-05-23 12:53:46'),
('144','93','784','Electrolux','off','2007-04-11 13:34:05','1983-12-20 12:53:40'),
('145','81','670','None','unused','2004-05-03 20:07:00','1984-02-28 22:10:56'),
('146','68','325','None','unused','1988-07-13 06:23:26','2011-04-22 12:36:17'),
('147','13','84','None','unused','1975-12-22 11:55:04','1983-08-28 02:15:50'),
('150','12','175','Noirot','off','1985-12-24 20:53:31','1987-05-09 15:57:01'),
('151','28','889','None','unused','1988-09-25 22:03:29','1997-04-17 01:18:09'),
('163','33','26','Electrolux','on','2004-12-02 07:42:43','2001-04-12 08:57:02'),
('168','50','539','Noirot','on','2000-04-17 06:50:56','2002-12-26 19:22:06'),
('169','34','150','Noirot','off','1981-03-05 16:17:59','1994-03-26 20:28:55'),
('172','53','233','Electrolux','on','1991-05-31 22:20:27','1981-03-08 12:52:43'),
('174','7','197','Noirot','on','1975-06-07 02:05:11','1976-05-25 09:32:20'),
('176','63','186','Noirot','off','1973-11-07 10:41:02','2005-12-17 22:31:13'),
('182','59','968','Electrolux','on','2012-01-14 00:04:17','2018-08-24 17:21:58'),
('183','55','82','Electrolux','on','1979-11-18 03:51:04','1974-03-23 19:47:18'),
('185','23','627','Noirot','off','1998-02-28 20:41:26','1985-12-18 09:37:49'),
('187','43','683','None','unused','1985-06-16 03:10:06','2014-07-07 02:14:42'),
('197','87','214','Noirot','on','1982-04-16 16:53:37','2017-04-04 20:10:45'); 

DROP TABLE IF EXISTS `messages`;
CREATE TABLE `messages` (
  `id` bigint(20) unsigned NOT NULL AUTO_INCREMENT,
  `from_user_id` bigint(20) unsigned NOT NULL,
  `to_user_id` bigint(20) unsigned NOT NULL,
  `body` varchar(200) COLLATE utf8_unicode_ci DEFAULT NULL,
  `created_at` datetime DEFAULT current_timestamp(),
  `updated_at` datetime DEFAULT current_timestamp() ON UPDATE current_timestamp(),
  PRIMARY KEY (`id`),
  KEY `messages_from_user_id` (`from_user_id`),
  KEY `messages_to_user_id` (`to_user_id`),
  CONSTRAINT `messages_ibfk_1` FOREIGN KEY (`from_user_id`) REFERENCES `users` (`id`),
  CONSTRAINT `messages_ibfk_2` FOREIGN KEY (`to_user_id`) REFERENCES `users` (`id`)
) ENGINE=InnoDB AUTO_INCREMENT=301 DEFAULT CHARSET=utf8 COLLATE=utf8_unicode_ci;

INSERT INTO `messages` VALUES ('201','1','94','Non eligendi sed possimus et quia doloribus. Assumenda temporibus et aut eius excepturi. Sed aut labore ad aperiam ducimus. Reiciendis libero optio iure impedit aliquid sit nihil. Officiis et unde sit','1978-06-27 12:08:53','1974-05-29 06:32:48'),
('202','28','1','Voluptatum non adipisci voluptates. Sed ab totam autem placeat ut aut quia. Qui dolorum assumenda omnis nobis laudantium. Vel nemo incidunt est dolore accusantium ut.','1982-11-12 00:27:48','2003-07-26 22:05:41'),
('203','1','97','Recusandae exercitationem rerum doloribus optio unde ipsa ut. Consequatur non ut laudantium ab laudantium nihil. Assumenda dolorem possimus et. Doloremque nemo alias voluptate natus quas. Inventore du','2009-02-04 22:12:43','1983-02-01 23:47:31'),
('204','1','49','Temporibus officia temporibus eligendi dolor non qui. At qui dolorum est magnam. Id odio unde rem blanditiis quam doloremque sed dolorum. Vero sed reprehenderit autem.','1978-12-02 15:23:20','1978-01-07 09:30:22'),
('205','1','53','Quis quasi sed autem explicabo quas deleniti perferendis. Nisi veniam ea doloremque aliquid exercitationem. Animi rerum ullam atque ad placeat.','1995-03-31 19:51:10','1994-11-08 18:34:28'),
('206','1','94','Tempore laudantium ad molestias porro. Velit similique aut dolorem facilis explicabo et quia. Cumque eligendi cumque facere eum explicabo sunt.','1975-04-21 21:52:26','2011-02-16 07:14:13'),
('207','27','1','Ut tempore voluptates porro a. Est voluptatem quas ut voluptate velit commodi iure. Et non sed aut. Doloremque non tempora ratione cumque quo fuga.','1993-09-29 16:56:37','2010-07-19 18:04:30'),
('208','58','1','Alias sed asperiores molestiae eum. Et possimus blanditiis recusandae. Id quo a minus eum. Autem non nobis perferendis. Sapiente quas commodi sed voluptatem maiores odio rerum.','2013-06-25 01:45:25','1979-07-15 03:30:06'),
('209','87','1','Autem sint voluptatem sit mollitia velit magnam repudiandae. Officia laudantium dolores deserunt. Et natus ut et dolor.','1980-03-26 09:41:50','1983-03-31 05:11:14'),
('210','88','1','Optio pariatur aut illum ut ducimus vel molestiae. Delectus quisquam voluptas itaque adipisci aut ipsam sunt. Aut nostrum voluptatum doloremque dolores officia animi iusto unde.','1996-11-21 11:11:24','2003-09-07 08:58:56'),
('211','1','68','Harum dolore reiciendis sunt possimus exercitationem. Dolorum ullam voluptate non molestiae. Id ab et quia consequatur asperiores rerum.','2005-05-09 12:54:32','2016-03-02 07:49:08'),
('212','1','100','Et ullam ea molestias. Ea sit et expedita. Vel doloribus consequatur est eligendi rerum similique saepe. Exercitationem illum ut omnis esse laboriosam enim non ipsum.','1980-03-04 08:34:52','2015-03-09 19:57:46'),
('213','60','1','Voluptatibus dolore corrupti culpa non. Ullam consequuntur et eos aperiam. Quo eaque soluta atque facere doloremque. Perferendis eaque omnis possimus.','2009-07-14 15:22:14','2016-06-18 04:39:28'),
('214','1','80','Sequi mollitia tempore earum delectus rem enim rerum. Quo ab aliquam similique eligendi optio. Adipisci velit id libero iste ipsa temporibus labore. Officia pariatur adipisci cum velit neque repellat ','1973-10-23 16:07:54','1993-03-19 17:18:38'),
('215','1','93','Atque voluptates ut impedit velit. Vero ea ab ut voluptas cumque. Tempore et recusandae qui nobis aut minus aperiam.','2011-11-16 13:44:08','2007-12-14 01:34:08'),
('216','27','1','Optio tenetur est temporibus deserunt. Aliquid exercitationem delectus aut. Pariatur eum incidunt aut laborum quaerat sunt maxime adipisci.','1992-10-21 08:55:28','1988-05-16 22:43:00'),
('217','1','89','Dolore iste sit ducimus eligendi neque. Aut et explicabo sunt possimus qui et. Voluptate quibusdam voluptatibus corporis iusto blanditiis. Architecto aspernatur laudantium distinctio praesentium volup','1973-10-13 23:11:44','1972-01-30 03:26:20'),
('218','1','24','Ab voluptas officia laboriosam repellat doloremque et. Accusantium adipisci aut pariatur in voluptatum culpa. Ut sequi et amet.','1994-03-22 07:42:56','1975-03-21 23:30:50'),
('219','1','25','Quo qui est aspernatur asperiores corporis voluptatem. Deleniti quo quo aut voluptatem asperiores velit. Consectetur beatae aut veniam possimus inventore est animi. Distinctio unde neque qui accusamus','1999-02-06 04:26:31','1990-08-21 11:08:13'),
('220','1','55','Repudiandae odit tenetur sed soluta architecto fugit. Accusantium optio fuga asperiores. Nulla occaecati voluptas ullam ut est vitae ut.','2019-04-04 11:06:31','1987-11-17 11:50:20'),
('221','59','1','Culpa consequuntur corporis blanditiis vitae dignissimos officia. Labore et dolores laborum. Aperiam doloribus similique placeat aperiam voluptas.','2001-06-23 13:22:14','1993-09-26 07:12:04'),
('222','95','1','Ratione suscipit voluptatem quaerat ratione commodi magni. Quia fugiat quam expedita debitis consequatur repellat vel nostrum. Occaecati enim aut repudiandae incidunt.','1974-03-22 11:02:12','1987-03-03 12:50:14'),
('223','1','100','Ut dolore occaecati incidunt molestias illum. Animi dolore ut ea laborum ut recusandae. Ut rerum ipsam accusantium nostrum esse sed. Voluptas sunt consequatur mollitia porro sed sint numquam voluptate','1976-10-03 02:37:42','1977-02-02 07:36:08'),
('224','29','1','Repellendus ut aspernatur minus. Dolores atque accusamus quasi necessitatibus.','2011-08-31 05:28:17','1999-12-13 18:38:34'),
('225','11','1','Sint provident et corporis doloremque. Est repellendus beatae ab voluptas voluptatem qui. Reiciendis esse aut beatae quisquam quis.','1974-07-16 19:13:16','1984-08-19 07:26:55'),
('226','34','1','Ex sed totam impedit quos inventore. Distinctio eos facilis qui. Quidem sed quibusdam sint sed doloremque.','2010-10-15 08:09:04','2002-12-14 05:05:02'),
('227','1','83','Dolore eaque libero fuga est odio expedita fugiat. Similique inventore aperiam sapiente. Tempore facere rerum placeat unde voluptatem. Esse unde necessitatibus qui consequuntur repellendus laborum sap','1980-11-03 23:48:09','2017-01-15 11:47:33'),
('228','43','1','Voluptas nostrum vel ex non et est sed. Autem minima delectus nisi eum minus aut qui. Repudiandae earum fugit neque omnis ad.','2007-09-10 08:30:51','1997-05-19 13:50:40'),
('229','1','56','Eveniet asperiores sed officia. Nobis ipsam amet incidunt rerum impedit culpa ea. Veritatis hic fugit placeat quo. Sed cum consequuntur id. Esse repellat maiores nobis quo.','1993-12-07 15:28:40','2018-10-15 16:58:19'),
('230','35','1','Id necessitatibus architecto voluptas beatae eius adipisci architecto. Perferendis suscipit cum quisquam natus quis impedit maiores. Consequatur distinctio quia aut distinctio et. Nisi deleniti nemo v','1999-03-10 14:08:19','2001-11-16 05:37:30'),
('231','47','1','Nostrum reiciendis dolores pariatur. Sunt accusamus sit numquam autem. Perspiciatis magni rerum autem est nihil odio. Voluptatem sit nam non possimus.','1994-11-02 20:59:51','1979-04-03 00:26:20'),
('232','35','1','Quod debitis suscipit consequatur et voluptas a. Dolores recusandae placeat tempora mollitia officiis qui dolore. Nisi sit blanditiis ex. Illo facere dicta omnis aliquid perspiciatis.','2011-12-10 18:59:18','1983-11-24 12:18:40'),
('233','1','66','Aut fugiat iure rem est. Ipsa omnis necessitatibus dolores ducimus iure.','1973-03-25 03:15:32','2003-05-13 15:19:46'),
('234','62','1','Sunt ea natus enim consequatur perferendis quibusdam. Provident laboriosam et quia voluptatem minus sapiente vel iste. Animi nesciunt voluptas culpa culpa. Esse eum est rerum non.','1977-03-01 14:54:53','1980-11-21 14:29:10'),
('235','68','1','Dignissimos suscipit ea sapiente dolor qui est id. Non pariatur porro est perspiciatis id qui beatae veniam. Vel incidunt ducimus ut facere neque blanditiis velit. Nihil omnis vitae et facere.','1983-06-29 23:42:36','1997-04-20 05:00:35'),
('236','96','1','Molestiae nesciunt numquam repudiandae nemo rerum explicabo. Quae laudantium aut rerum architecto. Ut fugit quo eaque dolores voluptas optio.','1979-12-19 10:28:09','1982-03-09 19:50:16'),
('237','1','85','Enim accusamus autem soluta. Iusto molestias illo id quos. Vero rerum inventore sit ea molestias qui est. Quam autem unde blanditiis est.','2008-12-18 14:50:42','1974-02-02 02:29:29'),
('238','1','94','Esse quia ipsum veritatis sit. Aut sit libero fuga aliquam. Adipisci officia et quo maiores asperiores quo.','1998-01-22 10:20:09','1997-01-10 02:19:53'),
('239','30','1','Aperiam vitae id rerum quidem. Possimus deleniti quia eum eos eveniet hic est. Architecto quos incidunt voluptatibus asperiores impedit sit. Ea molestias nobis ut eum ratione.','2002-03-28 11:28:09','1999-02-26 00:12:25'),
('240','1','81','Asperiores similique et dicta laboriosam reiciendis. Voluptatem reiciendis placeat quos possimus sed maxime non. Aut cum dolorem expedita mollitia est ullam. Quibusdam ut quaerat ea minus dolorem cons','2013-12-12 06:46:07','1978-06-28 13:41:55'),
('241','1','42','Dolorem tenetur non et quibusdam consequatur. Rerum quos exercitationem natus eveniet.','1971-07-21 20:15:25','1973-06-27 10:03:13'),
('242','1','73','Reiciendis enim doloremque sit numquam et neque adipisci unde. Officia odit soluta sint. Minima omnis aut perferendis nam repellendus consequatur.','2015-12-06 09:11:37','1975-03-20 07:29:36'),
('243','1','71','Id quo beatae sed nisi et. Nobis asperiores rerum architecto voluptatem. Ipsa officia labore mollitia facere illum harum quod.','2014-10-24 20:24:55','1979-11-26 12:27:45'),
('244','91','1','Sed quia at excepturi ipsa cupiditate velit possimus. Ea commodi et amet. Dolorem est veritatis dolorem delectus eius. Et et consequatur facere.','2017-05-03 15:22:13','1986-12-22 18:32:52'),
('245','18','1','Aut omnis aperiam quia. Placeat voluptatem at non vel sit commodi. Exercitationem tempore at consequatur nesciunt dolor.','1999-05-06 22:14:33','1979-05-16 00:51:41'),
('246','5','1','Quam aut qui perspiciatis quo. Rerum sed in ut non et.','1983-10-27 01:17:20','1972-12-04 13:23:32'),
('247','37','1','Rerum ipsa tempore incidunt vel ut. Fugiat eum ratione ut soluta fuga quia.','1987-01-20 18:54:23','1991-01-03 06:55:09'),
('248','1','86','Sunt dolorem eos ad nostrum est quibusdam quos nobis. Cum voluptate voluptatum officiis et. Vel unde voluptatem eos a nulla suscipit aut. Recusandae et ipsam inventore tenetur. Consequatur consequatur','1999-03-16 18:51:50','1992-06-05 21:00:38'),
('249','1','6','Incidunt voluptatum ex perferendis impedit reprehenderit consequuntur qui. Non quibusdam maxime tempora beatae doloremque excepturi laborum. Repellat accusantium provident et. Quia ab vel sed aperiam ','2016-09-15 00:13:50','2002-08-05 12:54:54'),
('250','94','1','A maiores ratione sit nihil nulla. Amet est magni aperiam sit porro in. Qui ut deserunt accusamus doloremque quia ut vel. Eos dolores amet illum.','2000-04-01 16:24:53','1971-08-30 16:18:51'),
('251','1','56','Corrupti et aliquam numquam laudantium accusantium asperiores. Ullam tempora aut placeat eos. Et deserunt voluptas voluptatibus velit ullam.','2005-11-27 02:31:24','1971-03-09 22:55:21'),
('252','21','1','Qui qui officia maxime et enim. Consequatur et aliquam velit ullam est laudantium. Assumenda consequatur nihil ipsa. Eveniet harum et ut non fuga.','1993-05-01 02:21:39','2018-06-30 01:50:26'),
('253','1','30','Deleniti culpa minus vel sunt consequatur quam qui doloribus. Voluptate ut occaecati sed non. Necessitatibus minima modi voluptas et.','1987-10-07 13:18:08','1983-04-07 06:04:48'),
('254','1','10','Dolor rerum voluptate voluptates enim eos quidem sit. Ducimus saepe ipsum non et consequatur. Ullam voluptas quas nostrum.','2001-01-28 04:06:00','1996-06-24 08:30:30'),
('255','1','74','Quae aut doloremque numquam exercitationem laborum ipsum. Nihil qui aspernatur et eveniet eos et. Ullam natus blanditiis ea sit. Pariatur cum nihil ea molestiae earum.','1970-09-06 15:40:25','1981-09-18 23:34:43'),
('256','54','1','Harum sed dolores voluptates optio similique error et nihil. Aperiam inventore quam repudiandae laborum possimus delectus dignissimos. Rerum modi molestiae facilis doloremque id.','1974-05-03 22:56:14','2013-09-16 15:00:36'),
('257','1','9','Dolor iste repellendus sunt et nobis non. Est eveniet odit sint quam eum eius rerum. Ipsa at sint est dolorum voluptatem. Quia pariatur ad nesciunt atque ut veritatis.','2009-05-20 18:22:17','1973-06-18 02:49:03'),
('258','70','1','Et est amet magni itaque iusto. Porro doloremque nihil et perferendis cupiditate id. Eaque vero dolorum aut nisi sequi atque.','1993-11-24 17:38:30','1989-11-07 22:54:05'),
('259','41','1','Doloremque dolor placeat nulla. Tempore omnis harum iusto iusto eligendi iusto enim. Ea corrupti aliquam doloremque error et non perspiciatis. Sit aut ducimus qui.','1989-01-23 17:03:35','2019-09-03 10:57:17'),
('260','18','1','Et consequatur adipisci sunt ut sed perferendis nobis. Non distinctio quia ut est voluptas quo. Sit et magni reprehenderit odit voluptas sunt sit. In quam est facere repudiandae quaerat voluptate. Deb','1992-09-13 11:43:46','1996-02-02 14:15:36'),
('261','36','1','Et sint et eos autem et. Molestiae et dignissimos nostrum ratione magnam. Nihil accusamus eos deleniti voluptatem optio ut.','1975-03-12 00:51:13','2009-07-30 01:21:37'),
('262','39','1','Nihil ab officia asperiores dolorem iste aliquam. Itaque laborum eveniet alias dignissimos ea earum. Aspernatur ut molestiae cupiditate eligendi dolorem vel suscipit.','1992-02-15 12:37:11','1974-02-17 07:20:18'),
('263','94','1','Quo sint cupiditate fugit dignissimos a. Sit itaque perspiciatis optio corrupti ipsam est. Vero consequatur cum quibusdam temporibus deleniti adipisci aliquid maiores.','1976-02-14 22:40:43','1985-02-06 02:02:10'),
('264','1','99','Quia corrupti est asperiores minus omnis. Consequuntur molestias et et rerum ut repellat nisi. Non maiores minima delectus libero voluptatibus eligendi voluptas.','2001-08-26 15:05:45','1986-09-04 16:57:36'),
('265','1','41','Similique ad quia praesentium. Fuga voluptas officiis dolor deleniti aut.','1993-03-07 18:15:04','2020-01-30 00:56:52'),
('266','1','56','Accusamus magni quisquam et consequuntur. Iste vel odit similique animi laboriosam. Ullam omnis qui sapiente doloribus veritatis occaecati.','2001-07-23 22:17:28','2016-04-20 22:00:47'),
('267','1','7','Dolorem libero minima quam recusandae commodi ea. Cumque aut debitis dolorem porro magnam repellat. Ducimus aut maxime harum.','2017-10-05 22:00:24','1979-08-05 23:12:28'),
('268','1','79','Consequatur totam fugiat totam ut dolore. Inventore ut culpa suscipit est consequatur. Vitae ipsum ea natus.','1987-03-14 11:39:37','1989-03-01 23:33:58'),
('269','1','24','Nisi porro nobis aspernatur. In earum voluptates voluptate neque sed eveniet similique pariatur. Ad dolores ut qui consectetur.','2003-01-29 04:34:57','1977-01-17 03:59:37'),
('270','8','1','Laborum et dolorem omnis ipsa dolores. Alias repudiandae provident pariatur tempora adipisci veniam. Distinctio maxime illo reprehenderit ut fugiat vitae architecto.','1986-10-26 23:55:19','2012-02-11 10:32:48'),
('271','1','25','Qui eos autem sed ex assumenda fugiat. Quae ut illo sapiente nesciunt. Illo eum aut sint est aliquid.','2018-09-01 05:33:10','1981-10-12 06:52:37'),
('272','1','64','Magnam nesciunt velit praesentium modi voluptatem vel. Et et et dolor dolorem. Ad praesentium similique est maxime aut blanditiis dolorem. Explicabo repudiandae architecto et vero pariatur facilis.','1975-09-27 09:34:42','1999-11-09 08:02:28'),
('273','22','1','Sed natus ex dolorum blanditiis in tenetur. Qui nam nihil nostrum quia possimus eos totam. Voluptatem rerum et sint voluptates natus facere. Cum odio quod quo maxime non.','2006-12-04 04:34:51','2007-05-21 11:26:55'),
('274','89','1','Esse aliquid ipsa in sint ipsa odio. Quia beatae vitae eveniet at asperiores sit. Voluptatum voluptas laborum incidunt et non voluptatum eum. Aut aut ad numquam fugit accusamus esse.','2016-09-06 17:26:25','2010-12-03 15:48:06'),
('275','27','1','Eaque quisquam distinctio sint dignissimos. Adipisci autem itaque veniam consequuntur. Eum sequi quo reiciendis voluptas saepe ab vero. Neque dolor veniam dicta facilis consequatur dicta hic.','1983-01-11 06:52:51','1991-04-13 11:18:31'),
('276','97','1','Nihil ad eos quis dignissimos consequatur. Ab molestiae nobis laborum quia. Modi ab officia reiciendis modi laudantium. Unde sapiente rerum qui id esse rerum dolore laboriosam.','1993-02-08 21:34:42','1976-06-24 03:14:48'),
('277','13','1','Facilis non enim ut. Et aut ad animi omnis. Accusamus nulla voluptatem est et fuga iste culpa.','1978-01-19 00:00:36','2007-08-22 18:54:37'),
('278','74','1','Enim soluta enim itaque deleniti numquam praesentium. Vel nostrum natus et amet fuga mollitia corrupti vero. Reiciendis illo pariatur incidunt alias quo.','1991-03-08 18:41:40','2000-10-15 07:20:26'),
('279','1','28','Quo cupiditate aliquam doloribus expedita aut. Laborum soluta inventore distinctio occaecati eaque aut sapiente. Odio dolorem rerum dolore porro laborum quis esse. Animi placeat placeat aut temporibus','1977-11-08 08:48:32','1971-06-15 07:33:31'),
('280','2','1','Ducimus in id reiciendis ut non nesciunt non. Et molestiae excepturi eos. Aut quisquam quasi minus dolorem numquam.','2017-12-30 07:01:57','1974-05-26 11:01:44'),
('281','1','10','Dolores ad quas et voluptatem sit nostrum ut cum. Repellat ut id sed debitis est minus. Voluptate aliquid eligendi molestias nostrum totam quis in.','1981-02-13 18:26:25','1981-05-11 23:22:26'),
('282','1','94','Fuga minima illo laboriosam et quos rerum maiores rerum. Dolores nam enim iure explicabo laudantium.','1993-12-25 01:49:13','1982-07-07 04:13:01'),
('283','1','60','Est similique esse nemo repudiandae quibusdam eum ducimus. Dignissimos et magni itaque quasi laudantium porro et. Culpa dolor sed sequi consequatur. Sit voluptatem voluptates quos velit.','1970-10-03 18:25:57','1995-06-18 23:46:44'),
('284','1','15','Voluptas quibusdam tempore provident modi alias sit. Natus sequi aspernatur velit. Ratione quia distinctio voluptate est.','1998-07-29 14:50:55','1970-04-27 07:41:36'),
('285','1','54','Accusantium sunt qui aperiam autem eveniet. Tempore ea nisi aliquam nisi vitae distinctio. Aut voluptatibus a dolores unde et modi autem. Qui dolorem commodi et minus.','1974-10-23 10:21:38','1977-12-27 12:56:18'),
('286','93','1','Rerum quo deserunt dignissimos vero. Voluptates quos sapiente magnam possimus nostrum. Quibusdam est repellendus qui quisquam et enim dolorem.','1995-04-11 02:04:30','1992-01-29 16:15:43'),
('287','91','1','Quo totam nulla error neque. Sint consequatur itaque animi quas voluptate voluptatem. Quaerat est harum earum mollitia voluptas excepturi. Aspernatur ut vel voluptatibus consectetur non.','2019-10-09 08:21:06','1978-06-22 20:09:57'),
('288','1','26','Tempora debitis mollitia sequi incidunt. Cumque totam velit reiciendis illo necessitatibus quasi magnam. Est culpa doloremque distinctio.','1985-01-20 02:54:55','1972-07-15 00:04:28'),
('289','1','11','Sit hic qui tempora exercitationem cumque adipisci. Perferendis illum et culpa provident beatae. Sit nisi atque dolore omnis corporis.','1999-02-11 13:06:00','2000-11-23 10:36:27'),
('290','46','1','Harum temporibus voluptates sit quos. Molestiae cupiditate quis odit tempore et nisi perspiciatis. Iure inventore rerum aut est neque maiores eum. Qui itaque ratione provident molestiae deleniti.','2005-01-19 12:33:09','1972-10-14 07:59:39'),
('291','1','26','Ut sunt aperiam eos excepturi quibusdam ut. Qui error est eum. Debitis ullam tenetur cupiditate ullam. Minima aliquam magnam nam eveniet expedita temporibus molestiae.','1990-01-21 19:04:28','2018-04-14 13:17:57'),
('292','53','1','Ex eligendi dolorem ut. Iusto vel maxime aperiam dolorem dolor. Fugit vitae iusto provident nulla. Consequatur rerum saepe veritatis corporis qui totam nihil.','1972-04-19 03:47:36','2014-08-03 23:13:27'),
('293','92','13','Et harum architecto laborum et. Labore dolorem veniam et et. Non ullam accusantium reiciendis qui hic.','1987-07-17 21:07:32','1979-05-01 18:39:16'),
('294','26','1','Optio architecto labore aut iusto ipsa. Sint ipsum quasi aut occaecati expedita dolor maxime. Omnis ut aut veniam aliquid ad ut fuga.','1998-01-10 17:30:54','2010-05-09 04:26:39'),
('295','1','8','Vero excepturi ipsa qui similique. Ut sit voluptatem error laborum repellat hic. Fuga fuga velit officiis odit nam aut. Voluptatum eum delectus ipsum aut explicabo ad. Ipsam et est sit quae nam maiore','1989-06-14 08:11:12','2017-03-18 03:20:17'),
('296','85','1','Qui dolor et ut sit quos qui alias. Ipsa qui quasi sunt ex. Quo vero vitae et ut et nihil enim. Quia eligendi illo pariatur consequuntur laborum voluptatem.','1992-09-09 15:17:32','2015-03-14 13:34:45'),
('297','1','98','Ut dolorem adipisci necessitatibus necessitatibus illum. Consequatur voluptatem cumque quos illo laudantium sint ut. Rerum autem dolor ad similique consequatur. Ipsum ut veritatis voluptas qui corrupt','1995-10-03 08:55:44','1989-10-14 06:01:04'),
('298','46','1','Sequi qui neque autem explicabo ad et numquam. Et repellat consequatur error veritatis vel non molestias. Et illum sint aut necessitatibus. Ut iusto id ratione voluptatem impedit sapiente.','2016-01-21 15:23:47','1976-02-27 20:35:49'),
('299','1','71','Numquam rem tenetur rem voluptates ut. Aut earum saepe illo id. Magni est est enim explicabo.','2013-12-14 03:41:37','1993-10-19 10:10:40'),
('300','98','1','Et sequi illo et ut atque. Exercitationem sit molestiae enim quibusdam ipsa dolor numquam. Tempora sed maxime corporis doloribus eum corrupti sed.','1973-08-12 21:20:09','2000-11-21 03:53:30'); 

DROP TABLE IF EXISTS `security_systems`;
CREATE TABLE `security_systems` (
  `id` bigint(20) unsigned NOT NULL AUTO_INCREMENT,
  `user_id` bigint(20) unsigned NOT NULL,
  `security_id` bigint(20) unsigned NOT NULL,
  `security_type` enum('entrance','entrance-windows','None') COLLATE utf8_unicode_ci DEFAULT NULL,
  `status` enum('on','off','unused') COLLATE utf8_unicode_ci DEFAULT NULL,
  `created_at` datetime DEFAULT current_timestamp(),
  `updated_at` datetime DEFAULT current_timestamp() ON UPDATE current_timestamp(),
  PRIMARY KEY (`id`),
  UNIQUE KEY `user_id` (`user_id`),
  UNIQUE KEY `security_id` (`security_id`),
  KEY `user_id_idx` (`user_id`),
  CONSTRAINT `security_systems_ibfk_1` FOREIGN KEY (`security_id`) REFERENCES `iot_categories` (`security_id`),
  CONSTRAINT `security_systems_ibfk_2` FOREIGN KEY (`user_id`) REFERENCES `iot_categories` (`id`)
) ENGINE=InnoDB AUTO_INCREMENT=201 DEFAULT CHARSET=utf8 COLLATE=utf8_unicode_ci;

INSERT INTO `security_systems` VALUES ('101','70','306','None','unused','2007-08-06 08:32:28','2018-11-28 09:37:58'),
('102','6','144','None','unused','2002-12-30 20:02:45','1991-12-23 20:25:53'),
('103','11','608','None','unused','1980-05-18 06:59:48','2009-03-15 14:11:57'),
('104','79','738','entrance','on','1987-05-16 05:14:04','1972-04-12 22:58:19'),
('105','54','462','entrance-windows','off','2009-09-01 13:07:02','2011-04-24 12:04:22'),
('107','63','650','entrance-windows','on','2017-04-05 00:06:21','2013-01-29 02:12:05'),
('109','75','482','entrance','on','2011-12-16 06:24:10','2013-06-22 15:02:22'),
('110','22','29','entrance','on','1983-02-28 09:07:46','1990-05-30 18:11:50'),
('111','37','354','entrance','on','2016-12-21 00:53:11','1976-07-31 19:54:55'),
('112','48','940','entrance','on','2014-08-14 10:03:38','1988-05-29 05:12:37'),
('113','35','503','entrance-windows','off','1989-10-16 23:16:12','1972-05-17 18:27:53'),
('114','14','520','None','unused','1987-08-31 19:06:47','1990-06-05 13:13:55'),
('115','66','994','None','unused','1986-07-14 09:07:05','2018-12-10 08:04:29'),
('116','50','369','entrance-windows','on','2009-02-11 22:13:52','2013-04-05 04:52:56'),
('117','29','601','entrance-windows','off','2016-12-11 02:50:56','2006-05-23 20:01:33'),
('119','12','273','None','unused','2017-10-24 16:51:04','2011-09-17 00:44:14'),
('121','72','702','entrance','on','1979-01-25 05:38:59','2015-06-13 20:46:17'),
('123','31','668','None','unused','2019-03-05 08:56:41','1981-11-21 23:53:10'),
('124','78','37','None','unused','1984-07-17 12:35:02','2011-11-01 04:12:19'),
('125','9','996','None','unused','1978-05-25 21:15:35','1992-07-30 03:40:34'),
('128','36','701','entrance-windows','on','1995-06-15 12:06:58','1987-04-09 15:13:41'),
('129','5','514','entrance','on','1995-01-11 23:31:45','1976-12-27 23:58:14'),
('130','20','712','entrance-windows','on','2011-09-07 20:17:37','1986-04-27 16:53:30'),
('131','49','710','None','unused','2008-01-19 07:02:16','1972-09-08 01:25:28'),
('133','26','585','entrance','off','1991-08-12 01:23:06','2012-04-11 10:19:57'),
('134','16','390','entrance-windows','on','1979-11-21 20:29:57','2015-01-03 15:58:12'),
('135','82','265','entrance-windows','on','1992-09-01 04:01:02','1973-04-08 22:51:10'),
('137','96','405','entrance','on','2009-03-05 22:10:07','1994-07-12 05:06:32'),
('140','32','134','entrance-windows','on','2013-11-01 14:51:14','2010-06-10 01:54:34'),
('141','65','414','entrance-windows','on','1987-07-13 19:27:05','2014-11-26 02:28:36'),
('142','58','988','None','unused','1991-02-08 21:13:59','2009-10-24 13:02:39'),
('143','98','967','None','unused','1986-01-12 06:11:56','2015-10-07 17:37:33'),
('145','44','908','entrance','on','1982-11-13 04:49:41','1989-11-20 08:49:30'),
('146','73','959','entrance','off','1989-08-21 21:10:43','1972-08-08 20:37:01'),
('147','56','811','entrance-windows','on','1998-11-10 21:46:21','1990-01-25 04:36:15'),
('148','69','860','entrance-windows','on','1991-02-16 21:20:12','1985-01-07 12:04:58'),
('154','34','662','entrance','on','1971-10-10 11:16:17','1970-01-27 20:10:04'),
('155','17','676','entrance-windows','off','2018-10-21 03:48:10','1983-08-08 21:04:00'),
('156','77','882','entrance','on','2013-01-24 14:10:28','1983-01-01 23:05:50'),
('158','80','28','entrance-windows','on','1972-04-03 22:28:41','1994-01-07 16:38:20'),
('163','55','350','entrance','off','1982-10-09 06:51:37','2000-07-16 09:06:07'),
('167','3','660','None','unused','2018-08-01 05:03:58','1982-06-23 05:38:23'),
('178','52','834','entrance','on','1974-05-27 10:15:00','1976-10-20 11:29:03'),
('179','33','185','None','unused','1982-09-12 04:47:14','1991-07-23 18:57:32'),
('196','15','515','entrance','on','1975-07-08 13:14:38','2017-06-27 15:28:28'),
('200','45','916','entrance','on','1994-05-19 15:00:50','1972-05-26 08:58:40'); 


DROP TABLE IF EXISTS `smart_speakers`;
CREATE TABLE `smart_speakers` (
  `id` bigint(20) unsigned NOT NULL AUTO_INCREMENT,
  `user_id` bigint(20) unsigned NOT NULL,
  `smart_speaker_id` bigint(20) unsigned NOT NULL,
  `smart_speaker_type` enum('1-speak','2-speaks','None') COLLATE utf8_unicode_ci DEFAULT NULL,
  `status` enum('on','off','unused') COLLATE utf8_unicode_ci DEFAULT NULL,
  `created_at` datetime DEFAULT current_timestamp(),
  `updated_at` datetime DEFAULT current_timestamp() ON UPDATE current_timestamp(),
  PRIMARY KEY (`id`),
  UNIQUE KEY `user_id` (`user_id`),
  UNIQUE KEY `smart_speaker_id` (`smart_speaker_id`),
  KEY `user_id_idx` (`user_id`),
  CONSTRAINT `smart_speakers_ibfk_1` FOREIGN KEY (`smart_speaker_id`) REFERENCES `iot_categories` (`smart_speaker_id`),
  CONSTRAINT `smart_speakers_ibfk_2` FOREIGN KEY (`user_id`) REFERENCES `iot_categories` (`id`)
) ENGINE=InnoDB AUTO_INCREMENT=201 DEFAULT CHARSET=utf8 COLLATE=utf8_unicode_ci;

INSERT INTO `smart_speakers` VALUES ('101','89','384','1-speak','on','2012-05-17 21:58:27','1979-04-09 17:32:45'),
('102','74','271','2-speaks','off','2008-05-18 12:07:11','2015-10-28 11:27:18'),
('103','37','255','None','unused','2019-03-03 20:11:08','1974-06-07 14:58:36'),
('104','32','543','1-speak','on','1970-01-16 14:47:40','1991-09-27 21:34:42'),
('105','78','528','1-speak','on','2004-06-10 13:08:49','1984-09-26 03:30:46'),
('106','26','492','None','unused','1996-10-28 01:28:40','1997-02-06 10:38:15'),
('107','87','729','None','unused','1990-03-13 10:16:34','2013-06-27 04:22:11'),
('109','53','680','2-speaks','on','1972-08-30 20:47:02','1977-01-26 22:25:56'),
('110','80','221','None','unused','1973-08-06 10:59:35','1974-09-08 08:41:11'),
('112','94','666','None','unused','1972-08-04 14:10:14','1994-12-23 13:26:58'),
('113','45','330','1-speak','on','2006-08-02 09:35:06','1973-12-11 12:49:08'),
('115','61','57','2-speaks','on','2019-06-23 13:12:11','2005-01-29 23:04:49'),
('116','95','506','2-speaks','on','1978-05-31 21:44:52','1982-04-17 13:05:01'),
('119','86','13','1-speak','on','2018-12-25 10:29:54','2016-01-04 08:23:38'),
('120','30','628','2-speaks','on','1975-10-17 06:09:37','1997-07-20 05:04:55'),
('122','10','424','2-speaks','on','1983-08-07 14:34:15','2000-01-28 17:50:33'),
('124','59','804','None','unused','1985-02-21 17:38:47','1988-09-20 14:59:37'),
('125','44','422','1-speak','off','1984-12-30 05:32:17','2000-02-16 05:45:03'),
('126','100','359','1-speak','off','2001-07-31 00:26:50','1998-04-14 08:32:35'),
('127','75','851','1-speak','on','1979-05-09 10:53:55','2001-03-21 07:09:51'),
('129','19','704','None','unused','1989-10-15 23:41:49','1989-09-02 21:22:30'),
('130','72','766','2-speaks','on','1993-06-29 20:48:28','1989-04-26 02:54:29'),
('131','73','675','2-speaks','on','1982-11-24 14:44:08','1993-05-30 23:36:22'),
('132','29','158','None','unused','2002-02-23 04:38:08','1987-04-25 10:02:03'),
('133','35','914','2-speaks','off','1981-06-27 04:14:11','2008-06-07 09:28:14'),
('134','88','289','None','unused','2001-07-08 21:14:15','1981-03-25 19:24:23'),
('135','98','256','1-speak','on','1990-09-14 16:40:52','2015-02-13 10:17:07'),
('140','90','132','2-speaks','off','1972-10-23 08:33:46','2012-01-05 01:59:45'),
('142','40','617','2-speaks','off','2008-12-29 04:37:33','2009-06-27 14:54:31'),
('143','82','375','None','unused','2010-04-24 14:17:18','2002-06-30 06:59:55'),
('145','3','510','1-speak','on','1980-08-30 19:29:32','1999-10-11 15:43:08'),
('147','18','98','2-speaks','on','1998-12-28 04:07:09','2015-04-10 06:38:29'),
('152','52','679','None','unused','2006-10-09 23:40:34','1981-09-24 21:02:42'),
('153','48','445','1-speak','off','2008-01-16 13:36:21','2007-05-28 05:49:10'),
('156','24','724','2-speaks','on','2004-10-30 03:24:12','2010-07-29 07:14:47'),
('159','97','162','None','unused','1980-01-07 19:14:04','1993-06-16 05:12:57'),
('162','76','785','1-speak','off','2016-05-12 23:10:34','2014-11-09 15:49:03'),
('163','22','636','None','unused','1980-05-22 05:04:18','1988-12-25 14:41:29'),
('166','28','374','1-speak','on','1999-08-15 15:16:18','1970-03-26 20:35:14'),
('167','62','749','None','unused','1984-09-10 12:40:51','2009-02-28 20:16:07'),
('168','1','121','1-speak','on','1987-12-31 06:01:19','1978-08-15 00:53:51'),
('171','36','481','1-speak','on','2012-02-19 15:05:36','1991-08-17 02:21:48'),
('175','27','555','1-speak','on','1976-05-12 05:00:48','1980-08-04 18:20:13'),
('176','5','832','2-speaks','on','2016-08-03 05:52:03','2006-08-10 02:27:16'),
('179','43','78','None','unused','1980-08-14 03:59:17','2014-05-10 11:55:03'),
('181','12','470','None','unused','2000-09-08 00:43:47','1971-01-22 07:09:06'),
('182','15','719','2-speaks','on','2004-01-09 17:32:33','2003-04-05 02:32:00'),
('186','47','301','2-speaks','on','1983-07-05 13:34:19','2018-03-16 20:02:10'),
('187','49','331','1-speak','off','2004-11-02 14:27:45','1970-06-26 04:52:03'),
('188','11','559','None','unused','1991-12-10 17:09:59','2019-04-16 01:45:25'),
('195','33','623','2-speaks','off','2016-09-24 12:20:58','1999-07-25 12:50:21'),
('196','70','475','2-speaks','on','2009-02-14 23:31:55','1971-03-30 20:16:25'),
('199','99','943','None','unused','1992-03-20 07:42:57','1979-06-27 20:06:53'),
('200','68','812','None','unused','1983-09-17 01:51:29','1981-10-25 05:05:13'); 




DROP TABLE IF EXISTS `video_surveillances`;
CREATE TABLE `video_surveillances` (
  `id` bigint(20) unsigned NOT NULL AUTO_INCREMENT,
  `user_id` bigint(20) unsigned NOT NULL,
  `video_surveillance_id` bigint(20) unsigned NOT NULL,
  `video_surveillance_type` enum('1-cam','2-cams','None') COLLATE utf8_unicode_ci DEFAULT NULL,
  `status` enum('on','off','unused') COLLATE utf8_unicode_ci DEFAULT NULL,
  `created_at` datetime DEFAULT current_timestamp(),
  `updated_at` datetime DEFAULT current_timestamp() ON UPDATE current_timestamp(),
  PRIMARY KEY (`id`),
  UNIQUE KEY `user_id` (`user_id`),
  UNIQUE KEY `video_surveillance_id` (`video_surveillance_id`),
  KEY `user_id_idx` (`user_id`),
  CONSTRAINT `video_surveillances_ibfk_1` FOREIGN KEY (`video_surveillance_id`) REFERENCES `iot_categories` (`video_surveillance_id`),
  CONSTRAINT `video_surveillances_ibfk_2` FOREIGN KEY (`user_id`) REFERENCES `iot_categories` (`id`)
) ENGINE=InnoDB AUTO_INCREMENT=201 DEFAULT CHARSET=utf8 COLLATE=utf8_unicode_ci;

INSERT INTO `video_surveillances` VALUES ('101','10','122','2-cams','on','2003-09-25 15:57:48','2016-01-01 06:35:16'),
('102','45','167','2-cams','off','1998-04-24 18:55:11','2013-11-18 12:13:01'),
('103','70','854','1-cam','off','2008-05-29 23:12:48','1971-05-22 08:54:24'),
('104','17','934','1-cam','on','1970-06-15 09:09:48','2009-01-06 12:11:47'),
('105','76','944','1-cam','off','1994-12-23 17:56:35','1975-04-09 01:37:18'),
('106','49','407','None','unused','2005-01-27 11:43:24','2018-10-15 09:02:50'),
('107','79','798','2-cams','on','1988-01-17 05:42:07','2004-12-28 17:11:23'),
('108','28','251','1-cam','off','1972-01-02 06:10:16','1978-07-23 03:52:17'),
('109','4','823','None','unused','1985-01-01 00:44:06','1997-11-01 10:38:10'),
('110','24','389','1-cam','off','2005-02-28 06:19:44','2017-07-06 05:29:07'),
('111','15','945','2-cams','on','2002-01-25 08:32:48','1989-09-03 02:44:08'),
('112','2','14','1-cam','off','1975-03-17 22:57:49','1989-07-21 11:04:11'),
('113','66','910','1-cam','off','1986-11-09 08:09:08','2006-10-15 10:42:34'),
('114','69','206','None','unused','1996-05-24 00:06:30','2016-02-21 07:28:08'),
('115','82','323','None','unused','1983-09-08 10:33:03','2004-09-10 08:47:46'),
('116','89','901','None','unused','2008-11-09 06:22:34','1975-01-10 23:29:23'),
('117','47','333','None','unused','1991-06-26 16:01:30','2007-06-13 01:23:02'),
('118','12','131','1-cam','on','1979-07-24 04:42:56','1973-01-30 23:20:48'),
('119','19','272','None','unused','1970-02-24 03:28:10','1974-10-11 10:56:24'),
('120','11','926','2-cams','on','1974-08-26 04:36:16','1983-04-24 11:30:29'),
('121','26','572','2-cams','on','1976-11-18 12:57:58','1990-01-19 16:35:10'),
('122','36','41','2-cams','off','1971-05-22 04:18:28','1982-05-23 03:23:37'),
('123','41','604','2-cams','off','1999-01-31 23:53:31','2013-04-16 21:08:12'),
('124','31','410','2-cams','off','1977-03-16 11:44:26','1992-12-25 08:02:23'),
('125','48','534','2-cams','off','2019-05-31 21:58:42','2007-06-30 14:45:34'),
('128','64','148','2-cams','on','2013-12-01 23:25:36','1974-07-14 22:49:51'),
('130','43','571','2-cams','on','1970-11-17 13:56:26','2002-08-21 05:04:47'),
('132','50','102','None','unused','2014-04-30 01:01:42','1985-08-17 11:50:23'),
('137','96','103','2-cams','on','1989-10-22 07:34:13','1981-03-24 05:16:02'),
('139','75','504','1-cam','on','2012-04-15 00:30:06','2002-07-20 06:40:57'),
('140','80','170','None','unused','2014-02-05 19:43:21','1974-07-08 15:45:03'),
('142','84','554','2-cams','off','1981-07-22 13:28:34','2016-02-16 02:44:26'),
('149','88','775','2-cams','on','2012-08-29 01:43:53','2014-12-08 13:17:34'),
('151','13','638','None','unused','1972-06-11 13:26:57','1983-09-17 20:28:22'),
('152','91','63','None','unused','1979-01-01 07:42:29','1998-05-03 13:22:33'),
('154','44','525','2-cams','on','2014-04-10 00:46:51','2003-05-18 16:20:52'),
('155','60','201','None','unused','1991-05-09 20:37:57','2003-12-25 16:35:34'),
('156','73','597','None','unused','1987-01-06 14:44:32','1989-04-08 13:58:36'),
('163','55','705','2-cams','on','2012-07-26 23:46:41','1973-08-28 08:13:02'),
('170','53','776','None','unused','1995-11-24 04:14:41','2007-03-25 17:35:29'),
('171','37','239','1-cam','on','2009-12-07 13:46:54','1994-10-31 15:54:45'),
('175','52','935','None','unused','1982-01-21 04:04:32','1994-07-04 09:15:37'),
('181','38','376','2-cams','on','1982-03-05 04:19:04','2009-03-17 17:53:55'),
('182','72','582','2-cams','on','2017-08-26 01:00:09','2000-02-07 03:26:33'),
('184','63','635','None','unused','2012-09-03 02:08:07','1989-05-16 03:42:37'),
('192','54','787','2-cams','on','2011-04-19 11:47:46','1983-03-06 12:39:26'),
('193','56','655','2-cams','on','2014-04-16 13:57:54','2005-04-26 21:44:11'),
('196','25','857','None','unused','1974-08-09 23:56:57','1994-06-25 06:44:14'); 


DROP TABLE IF EXISTS `virtual_bank`;
CREATE TABLE `virtual_bank` (
  `id` bigint(20) unsigned NOT NULL AUTO_INCREMENT,
  `user_id` bigint(20) unsigned NOT NULL,
  `virtual_account` bigint(20) unsigned NOT NULL,
  `amount` bigint(20) unsigned DEFAULT NULL,
  `created_at` datetime DEFAULT current_timestamp(),
  `updated_at` datetime DEFAULT current_timestamp() ON UPDATE current_timestamp(),
  PRIMARY KEY (`id`),
  KEY `virtual_account` (`virtual_account`),
  KEY `user_id` (`user_id`),
  CONSTRAINT `virtual_bank_ibfk_1` FOREIGN KEY (`user_id`) REFERENCES `users` (`id`)
) ENGINE=InnoDB AUTO_INCREMENT=101 DEFAULT CHARSET=utf8 COLLATE=utf8_unicode_ci;

INSERT INTO `virtual_bank` VALUES ('1','77','4916640355303203','0','1980-01-05 10:55:14','2012-10-08 15:36:16'),
('2','3','5210067815235155','39128852','1988-01-21 06:34:14','2019-06-07 08:09:35'),
('3','7','5221794228912455','8605','1987-07-24 11:05:38','2016-09-24 21:55:55'),
('4','30','5290182330490361','550360585','1987-05-19 23:34:07','2006-01-20 23:58:33'),
('5','99','5438111673308319','11','1974-02-27 09:24:16','1996-11-11 02:55:45'),
('6','93','5496036775314686','14','1974-12-07 07:34:16','1987-11-27 04:00:35'),
('7','12','5197359232283832','0','2002-10-22 17:50:30','1982-12-18 02:45:09'),
('8','53','4334448395599','3','1998-05-29 00:33:44','1999-08-30 14:43:05'),
('9','100','4716359224920','275','2014-05-07 09:46:55','2001-01-22 20:20:01'),
('10','13','5480432132881311','844','1973-07-15 21:21:29','1971-11-06 04:23:16'),
('11','26','4562923383536924','1523657','1996-12-05 03:00:44','2019-03-31 04:01:17'),
('12','15','5345349906686811','59201771','1982-11-05 04:26:05','1989-09-12 03:08:04'),
('13','20','374853284915316','66219','2011-12-04 19:51:44','2012-03-28 19:57:36'),
('14','21','4532259783495990','381976','1980-04-23 07:59:58','1981-07-30 23:43:25'),
('15','68','4024007185830','125','2019-06-07 18:40:18','2015-05-19 03:50:15'),
('16','27','4532609766493','22909','2007-09-30 04:22:20','1988-05-19 04:20:22'),
('17','28','4485221936946537','2','2017-05-08 12:28:45','2012-03-02 07:18:18'),
('18','36','377758357601115','39025338','1985-03-12 05:37:25','1989-02-03 06:54:09'),
('19','63','5271233456013041','18140154','2005-08-17 12:22:30','1984-06-14 14:53:39'),
('20','38','4024007137538936','9948372','2005-09-28 23:02:12','1974-11-12 22:32:44'),
('21','40','5374088778496833','157485','1977-06-27 14:04:52','2006-03-21 14:56:41'),
('22','43','376707564879081','1','1995-05-18 15:17:15','1998-11-08 01:18:57'),
('23','45','5326174793355742','6','2005-04-17 04:38:30','2004-09-21 15:09:31'),
('24','44','5206710875993218','0','2017-12-03 11:51:35','2015-07-03 20:28:06'),
('25','49','4916984206645','388','2003-02-28 07:39:42','2019-02-17 13:54:50'),
('26','51','4539362690358784','93','1978-06-09 21:05:54','1996-08-31 03:24:45'),
('27','16','5146299200336546','5','1972-07-12 04:27:24','1980-01-13 12:09:27'),
('28','89','5137785619811280','0','1989-09-01 11:38:10','1999-01-03 19:09:14'),
('29','18','4532051583900979','295392107','1980-10-24 00:30:52','2009-05-15 02:36:58'),
('30','55','376979228223004','385','2014-06-30 09:03:56','2009-12-10 00:24:34'),
('31','48','4532208071435238','291651884','2006-05-04 14:30:21','1987-06-22 15:29:35'),
('32','95','5333252705862190','0','2016-03-14 23:43:24','1985-03-30 00:32:20'),
('33','1','4916214990552921','1391387','2009-07-19 09:45:54','1988-08-23 06:44:56'),
('34','56','5554533390528839','38963','2013-08-03 03:09:38','1981-07-25 21:44:11'),
('35','57','5163609358677877','1','1977-08-20 03:18:57','1980-01-16 22:09:41'),
('36','59','4539922422371449','4089','2008-01-14 20:41:31','1974-08-23 09:54:43'),
('37','47','4024007153840275','0','2016-05-12 10:30:26','1995-12-15 05:15:46'),
('38','5','4532257586518','156727','1993-12-01 15:37:09','1985-04-28 15:31:27'),
('39','64','6011693177397210','1670863','1979-07-08 00:51:51','1987-08-27 06:02:48'),
('40','66','378278963846211','70','2008-09-02 05:09:25','2007-12-05 07:41:09'),
('41','67','378849140302710','322','1987-05-02 15:51:14','1981-12-16 04:00:16'),
('42','73','346608775278424','19875552','1999-10-20 11:54:03','2017-10-16 14:34:07'),
('43','74','4024007131976754','314083176','1983-06-06 19:01:40','2002-08-01 14:43:40'),
('44','95','5221494974759273','296','1994-08-24 14:55:49','1991-01-29 16:42:13'),
('45','75','4024007137027142','28792351','2016-06-22 22:08:44','1991-07-13 12:40:05'),
('46','92','4916286688451516','69094151','1976-09-19 20:34:27','2001-07-27 03:49:38'),
('47','98','6011999645307673','25766','1993-04-28 12:10:37','2002-04-18 20:09:48'),
('48','76','4539112363540','0','1984-07-05 02:28:21','2011-08-25 20:47:32'),
('49','83','5440706355775162','5587256','2004-10-29 17:11:52','2012-05-20 21:25:25'),
('50','61','4716830957219','2','2001-11-07 13:37:35','1995-08-01 12:58:18'),
('51','62','370167072234121','686869','2008-11-11 18:49:16','2014-06-22 02:51:57'),
('52','50','5300818965811392','1298','2000-06-08 22:35:51','2020-01-05 05:01:36'),
('53','4','6011515305513317','127227','2012-12-15 19:38:19','2000-03-23 21:30:03'),
('54','84','6011935518332585','0','2008-02-26 17:28:40','2019-03-10 05:46:38'),
('55','94','5186340426042753','49','1981-06-11 01:26:19','1996-12-18 14:24:24'),
('56','86','4485135136704324','0','1972-07-19 01:19:20','2001-10-11 15:32:37'),
('57','25','5146621880970341','30','2006-04-21 15:05:21','1972-07-25 10:17:15'),
('58','9','370528929138401','0','1991-09-10 01:45:35','1995-11-01 02:23:10'),
('59','23','4216537038824111','77309','2016-09-11 09:18:44','2017-03-16 09:09:33'),
('60','87','4929973882184','37077','1980-02-08 00:58:09','1999-05-24 05:57:48'),
('61','78','4404261386305','82','2006-01-14 20:20:09','1973-09-16 18:25:23'),
('62','70','5599379986453876','19730774','1989-01-06 22:38:19','1975-02-02 13:47:13'),
('63','37','376199142022984','1','2009-10-16 21:15:13','1988-03-18 06:32:37'),
('64','79','4929242256631','2151','1996-03-28 03:07:45','1978-11-18 20:39:16'),
('65','88','4485839999354947','78612104','2006-04-15 21:53:34','1986-10-09 07:42:18'),
('66','60','6011154439619534','0','1976-08-26 17:58:05','2006-08-20 20:59:33'),
('67','80','370663849522135','3661','1987-06-24 11:37:24','1981-12-14 17:34:22'),
('68','71','345439010176349','387','2012-09-22 20:09:44','2015-08-29 07:50:58'),
('69','65','4916675236109','5','1982-07-05 13:56:04','1986-05-29 09:14:10'),
('70','34','349438009448590','1','2019-10-31 05:59:27','2009-01-12 09:32:36'),
('71','17','4539690368647761','54372','2004-09-17 21:39:22','1995-03-16 18:53:12'),
('72','29','4024007121976767','320','2014-01-17 06:58:51','1996-02-12 09:07:27'),
('73','14','5175739216109713','286457861','1979-06-02 15:16:10','2013-05-13 01:02:53'),
('74','42','4776142326716263','12','2000-01-28 12:02:09','1982-02-27 21:34:38'),
('75','24','4716758904382','2','1989-03-25 10:39:54','1992-09-08 01:43:10'),
('76','39','4716102160988','369821','2000-07-01 16:52:22','1978-03-26 03:15:12'),
('77','33','4485125001749','0','2011-03-19 11:56:23','1998-05-11 12:43:13'),
('78','22','5218480390997883','1609099','2019-10-22 12:15:15','1997-09-05 15:16:22'),
('79','97','4556275450141678','21095355','2017-05-21 06:29:38','2019-08-27 16:59:32'),
('80','2','4539316125265','24562212','1990-11-02 07:09:01','2007-11-23 03:10:45'),
('81','82','4716673777742884','0','2004-02-24 08:29:18','2016-01-30 10:27:37'),
('82','58','5428704584754020','30','1991-10-09 18:20:36','2008-03-26 02:29:01'),
('83','52','4916118152547182','4','1974-12-28 03:43:50','1977-07-29 02:45:49'),
('84','85','4024007187723','226042794','1995-10-22 20:05:42','2000-01-18 04:53:03'),
('85','69','5375645418024983','300','2004-03-08 03:42:12','2017-09-18 18:54:52'),
('86','46','4485844581191920','53','1972-06-10 00:51:09','1985-02-12 13:09:57'),
('87','19','6011229205181098','0','2009-03-27 16:40:13','1998-04-19 18:12:06'),
('88','94','4929112784250','681','2014-02-03 18:15:58','1985-01-09 08:47:10'),
('89','54','5330342132026615','5392000','2004-11-28 08:28:15','1974-02-05 00:51:27'),
('90','41','5467972611645185','710862974','1978-07-13 04:00:45','1986-07-23 19:02:29'),
('91','91','372240570958083','14679535','1998-07-22 13:04:16','1976-10-28 16:04:20'),
('92','32','4929244842768','0','2011-07-16 22:41:35','1981-10-22 17:34:12'),
('93','11','4716747989744726','1145283','1973-11-29 17:00:31','1989-02-17 15:45:33'),
('94','72','5545808131473683','3246437','2001-08-28 04:32:43','1976-11-19 12:56:45'),
('95','10','379598764133328','41','2011-08-20 18:59:52','1982-06-24 03:45:21'),
('96','35','4539193829818117','0','1980-12-31 09:44:05','1989-10-13 02:26:42'),
('97','31','4716944387235302','157502','1993-07-01 22:19:16','1989-11-24 14:15:19'),
('98','90','4716699687363','1434','1970-11-27 22:01:09','1971-06-17 01:57:27'),
('99','6','5541159734270289','593','2000-02-17 10:38:07','1979-02-23 22:49:21'),
('100','96','5236598677696747','97247785','1970-09-16 08:45:26','2009-11-12 15:25:11'); 


DROP TABLE IF EXISTS `waters`;
CREATE TABLE `waters` (
  `id` bigint(20) unsigned NOT NULL AUTO_INCREMENT,
  `user_id` bigint(20) unsigned NOT NULL,
  `water_id` bigint(20) unsigned NOT NULL,
  `water_type` enum('bath-wc-kitch','2bath-wc-kitch','None') COLLATE utf8_unicode_ci DEFAULT NULL,
  `status` enum('on','off','unused') COLLATE utf8_unicode_ci DEFAULT NULL,
  `created_at` datetime DEFAULT current_timestamp(),
  `updated_at` datetime DEFAULT current_timestamp() ON UPDATE current_timestamp(),
  PRIMARY KEY (`id`),
  UNIQUE KEY `user_id` (`user_id`),
  UNIQUE KEY `water_id` (`water_id`),
  KEY `user_id_idx` (`user_id`),
  CONSTRAINT `waters_ibfk_1` FOREIGN KEY (`water_id`) REFERENCES `iot_categories` (`water_id`),
  CONSTRAINT `waters_ibfk_2` FOREIGN KEY (`user_id`) REFERENCES `iot_categories` (`id`)
) ENGINE=InnoDB AUTO_INCREMENT=201 DEFAULT CHARSET=utf8 COLLATE=utf8_unicode_ci;

INSERT INTO `waters` VALUES ('101','83','894','bath-wc-kitch','off','2008-12-01 08:56:49','2009-10-14 07:29:50'),
('102','12','358','bath-wc-kitch','on','2010-04-12 12:35:03','1999-02-03 17:10:13'),
('103','95','820','2bath-wc-kitch','on','2013-10-08 11:21:26','1992-12-06 21:27:11'),
('104','53','861','None','unused','1988-07-11 07:34:42','2012-04-22 05:21:31'),
('105','79','880','2bath-wc-kitch','off','1973-02-16 11:57:56','1975-09-20 08:43:32'),
('106','96','677','None','unused','1984-07-22 06:18:35','1998-10-20 13:05:51'),
('107','57','244','2bath-wc-kitch','on','1984-12-10 18:52:51','2006-05-09 21:22:45'),
('108','1','25','bath-wc-kitch','on','1982-08-18 14:45:47','2003-07-25 00:04:04'),
('109','63','459','None','unused','1974-01-13 09:08:21','2012-05-04 21:33:47'),
('110','42','485','bath-wc-kitch','on','1984-07-26 16:23:30','2003-06-22 18:20:57'),
('111','7','339','2bath-wc-kitch','on','2016-11-27 13:02:26','2016-10-26 05:00:44'),
('112','82','209','None','unused','1977-06-09 06:51:19','2011-06-23 03:47:03'),
('113','37','507','2bath-wc-kitch','on','1978-08-27 13:34:03','2006-03-14 05:18:08'),
('114','6','4','2bath-wc-kitch','on','1998-07-23 23:13:41','1989-03-25 15:43:35'),
('115','72','194','bath-wc-kitch','on','2006-08-21 01:23:59','2004-11-08 02:43:45'),
('116','27','653','2bath-wc-kitch','on','2019-08-03 10:58:10','1987-04-15 12:30:04'),
('118','87','999','None','unused','1977-06-04 08:53:07','1975-11-13 16:20:34'),
('120','77','932','2bath-wc-kitch','on','1983-07-29 19:31:27','1976-12-18 05:48:14'),
('121','21','806','bath-wc-kitch','on','2003-05-28 23:38:48','1989-07-30 12:56:04'),
('122','49','863','2bath-wc-kitch','on','2015-09-20 17:34:06','1996-08-19 03:51:48'),
('125','91','283','2bath-wc-kitch','on','2002-11-08 18:49:47','1984-02-11 14:47:42'),
('126','2','977','bath-wc-kitch','on','1978-01-26 04:24:34','1988-03-18 03:26:38'),
('127','58','884','bath-wc-kitch','on','1977-06-01 22:46:57','1999-11-02 10:07:55'),
('128','17','960','2bath-wc-kitch','on','1984-06-01 21:21:50','2015-08-20 11:45:31'),
('129','31','236','bath-wc-kitch','off','1989-06-09 06:27:00','1984-01-12 22:00:13'),
('133','61','468','2bath-wc-kitch','off','1983-06-09 10:31:29','2001-05-11 01:38:49'),
('137','94','118','bath-wc-kitch','off','1993-09-30 13:37:51','1970-08-14 20:26:45'),
('139','60','734','bath-wc-kitch','off','1992-04-06 09:01:29','1994-08-30 17:34:52'),
('140','46','561','None','unused','1973-07-17 22:03:33','2008-01-05 21:45:58'),
('144','40','715','None','unused','1977-08-16 01:22:54','2018-01-15 13:34:47'),
('145','85','380','2bath-wc-kitch','off','2014-09-06 10:45:30','1974-05-10 18:05:20'),
('148','71','189','None','unused','2007-05-24 23:53:59','1993-08-04 04:56:52'),
('149','64','180','bath-wc-kitch','off','2004-04-11 00:22:30','1974-02-08 19:01:38'),
('150','90','500','None','unused','1989-02-10 12:46:33','2013-08-13 15:56:17'),
('151','39','599','bath-wc-kitch','on','1970-11-12 21:59:16','1977-01-03 03:28:52'),
('160','3','753','2bath-wc-kitch','off','1985-05-25 10:43:02','1983-04-22 21:16:43'),
('161','5','741','2bath-wc-kitch','on','2012-11-21 09:05:23','1998-04-17 01:50:29'),
('167','20','463','2bath-wc-kitch','off','1997-12-03 16:08:52','2008-09-03 17:43:37'),
('169','73','777','2bath-wc-kitch','on','2008-10-12 21:05:38','1993-09-25 04:34:19'),
('171','35','847','bath-wc-kitch','on','1995-04-10 01:17:42','1981-05-04 01:31:45'),
('178','15','399','None','unused','1992-03-25 13:34:19','2008-07-13 08:16:54'),
('181','62','874','bath-wc-kitch','on','1996-03-20 10:13:12','1999-11-07 08:24:09'),
('183','23','395','bath-wc-kitch','off','2002-07-04 17:08:18','1976-06-19 03:57:11'),
('185','8','756','bath-wc-kitch','on','2017-03-03 11:48:13','1995-12-08 16:39:26'),
('187','44','126','bath-wc-kitch','off','2001-08-05 04:11:14','2002-06-09 16:43:49'),
('188','89','388','2bath-wc-kitch','off','1977-12-31 01:09:34','2008-01-28 17:01:50'),
('191','68','671','None','unused','1992-03-27 18:41:26','1975-06-06 16:24:02'),
('196','56','717','2bath-wc-kitch','off','2005-05-06 04:30:08','2014-09-17 22:36:01'),
('200','47','925','bath-wc-kitch','on','2007-09-24 20:25:00','2018-11-24 02:02:34'); 

