-- MySQL dump 10.13  Distrib 5.7.29, for Linux (x86_64)
--
-- Host: localhost    Database: vk
-- ------------------------------------------------------
-- Server version	5.7.29-0ubuntu0.18.04.1

/*!40101 SET @OLD_CHARACTER_SET_CLIENT=@@CHARACTER_SET_CLIENT */;
/*!40101 SET @OLD_CHARACTER_SET_RESULTS=@@CHARACTER_SET_RESULTS */;
/*!40101 SET @OLD_COLLATION_CONNECTION=@@COLLATION_CONNECTION */;
/*!40101 SET NAMES utf8 */;
/*!40103 SET @OLD_TIME_ZONE=@@TIME_ZONE */;
/*!40103 SET TIME_ZONE='+00:00' */;
/*!40014 SET @OLD_UNIQUE_CHECKS=@@UNIQUE_CHECKS, UNIQUE_CHECKS=0 */;
/*!40014 SET @OLD_FOREIGN_KEY_CHECKS=@@FOREIGN_KEY_CHECKS, FOREIGN_KEY_CHECKS=0 */;
/*!40101 SET @OLD_SQL_MODE=@@SQL_MODE, SQL_MODE='NO_AUTO_VALUE_ON_ZERO' */;
/*!40111 SET @OLD_SQL_NOTES=@@SQL_NOTES, SQL_NOTES=0 */;

--
-- Table structure for table `black_list`
--

DROP TABLE IF EXISTS `black_list`;
/*!40101 SET @saved_cs_client     = @@character_set_client */;
/*!40101 SET character_set_client = utf8 */;
CREATE TABLE `black_list` (
  `id` bigint(20) unsigned NOT NULL AUTO_INCREMENT,
  `user_id` bigint(20) unsigned NOT NULL,
  `body` text COLLATE utf8_unicode_ci,
  `created_at` datetime DEFAULT CURRENT_TIMESTAMP,
  `updated_at` datetime DEFAULT CURRENT_TIMESTAMP ON UPDATE CURRENT_TIMESTAMP,
  PRIMARY KEY (`id`),
  KEY `user_id` (`user_id`),
  CONSTRAINT `black_list_ibfk_1` FOREIGN KEY (`user_id`) REFERENCES `users` (`id`)
) ENGINE=InnoDB AUTO_INCREMENT=11 DEFAULT CHARSET=utf8 COLLATE=utf8_unicode_ci;
/*!40101 SET character_set_client = @saved_cs_client */;

--
-- Dumping data for table `black_list`
--

LOCK TABLES `black_list` WRITE;
/*!40000 ALTER TABLE `black_list` DISABLE KEYS */;
INSERT INTO `black_list` VALUES (1,1,'Nemo sequi dolor doloribus inventore qui quae. Qui sunt sapiente excepturi est. Incidunt eius est dolorem unde sapiente.','1996-01-20 08:09:06','1972-03-21 07:13:19'),(2,2,'Expedita et et sit accusantium. Et et cumque quasi aut necessitatibus numquam enim. Deserunt et rem laboriosam sint magnam provident voluptatibus. Error voluptatem voluptatem repellat.','2009-10-24 14:38:23','1989-08-01 08:56:34'),(3,3,'Quas qui ipsam aut consequatur dolores amet. Necessitatibus non est rerum vitae ut dolorum. Optio corrupti est quae qui et alias aut. Mollitia blanditiis eos vitae velit et. Corrupti cumque eos quia dolorem facere nam incidunt.','2009-11-14 09:16:34','1972-04-27 12:17:44'),(4,4,'Ut aliquam est esse libero cum molestiae. Quisquam sunt voluptate fugit consectetur distinctio consequatur. Quis numquam corrupti nesciunt doloribus. Excepturi perferendis blanditiis voluptas libero dolore.','1994-09-22 12:44:14','2003-02-06 16:27:26'),(5,5,'Voluptatem et id dicta quis temporibus aut quisquam. Molestiae adipisci cum porro esse harum occaecati voluptas. Quos quidem accusantium quae ullam eos.','1987-01-12 06:16:00','1993-09-21 10:55:54'),(6,6,'Aut qui quas dolores quidem non architecto atque molestiae. Laudantium et dolores itaque et ex non quas. Qui voluptatem officia maiores accusamus perferendis omnis voluptatibus.','1974-09-11 16:50:13','1981-06-22 02:12:31'),(7,7,'Aut in delectus vel error temporibus porro sunt. Numquam molestiae ipsam doloremque. Tempore quis aut omnis suscipit dolorum incidunt occaecati error. Et doloremque in quo ut. Reiciendis eaque et quos est quia ducimus repellat.','2017-11-28 01:08:41','2007-08-26 03:58:11'),(8,8,'Illo cum cumque in voluptas. Nulla qui animi ad non quas. Vel quae eveniet pariatur qui est. Ullam in commodi et temporibus voluptatem.','1971-10-25 00:46:17','1970-06-23 07:38:39'),(9,9,'Nisi accusamus perferendis repellendus officiis quasi consequatur placeat quis. Provident aut ut sequi. Recusandae voluptatem temporibus omnis eius.','2011-11-08 22:51:22','2004-04-08 10:46:58'),(10,10,'Sed cum ducimus ullam fuga quia nulla. Delectus quos voluptatem dolores id qui quos. Modi dicta velit sint harum quis. Mollitia sint tempora fugit sunt qui.','1979-04-14 08:25:06','1997-08-31 12:47:33');
/*!40000 ALTER TABLE `black_list` ENABLE KEYS */;
UNLOCK TABLES;

--
-- Table structure for table `communities`
--

DROP TABLE IF EXISTS `communities`;
/*!40101 SET @saved_cs_client     = @@character_set_client */;
/*!40101 SET character_set_client = utf8 */;
CREATE TABLE `communities` (
  `id` bigint(20) unsigned NOT NULL AUTO_INCREMENT,
  `name` varchar(150) COLLATE utf8_unicode_ci DEFAULT NULL,
  PRIMARY KEY (`id`),
  KEY `communities_name_idx` (`name`)
) ENGINE=InnoDB AUTO_INCREMENT=51 DEFAULT CHARSET=utf8 COLLATE=utf8_unicode_ci;
/*!40101 SET character_set_client = @saved_cs_client */;

--
-- Dumping data for table `communities`
--

LOCK TABLES `communities` WRITE;
/*!40000 ALTER TABLE `communities` DISABLE KEYS */;
INSERT INTO `communities` VALUES (13,'accusamus'),(18,'accusamus'),(22,'animi'),(19,'asperiores'),(8,'assumenda'),(24,'assumenda'),(44,'autem'),(41,'dolores'),(33,'eius'),(31,'et'),(20,'eveniet'),(26,'facere'),(17,'fuga'),(30,'hic'),(39,'ipsum'),(11,'itaque'),(42,'labore'),(15,'laborum'),(21,'libero'),(3,'minima'),(35,'molestiae'),(6,'nam'),(10,'natus'),(27,'natus'),(40,'nemo'),(23,'neque'),(5,'nihil'),(16,'nihil'),(14,'omnis'),(49,'perferendis'),(50,'perferendis'),(4,'placeat'),(29,'praesentium'),(28,'quam'),(37,'qui'),(43,'quia'),(7,'quibusdam'),(36,'quibusdam'),(34,'quo'),(32,'repellat'),(1,'rerum'),(2,'sapiente'),(45,'sapiente'),(48,'sequi'),(25,'sint'),(46,'sit'),(12,'ullam'),(9,'velit'),(47,'voluptas'),(38,'voluptate');
/*!40000 ALTER TABLE `communities` ENABLE KEYS */;
UNLOCK TABLES;

--
-- Table structure for table `friend_requests`
--

DROP TABLE IF EXISTS `friend_requests`;
/*!40101 SET @saved_cs_client     = @@character_set_client */;
/*!40101 SET character_set_client = utf8 */;
CREATE TABLE `friend_requests` (
  `initiator_user_id` bigint(20) unsigned NOT NULL,
  `target_user_id` bigint(20) unsigned NOT NULL,
  `status` enum('requested','approved','unfriended','declined') COLLATE utf8_unicode_ci DEFAULT NULL,
  `requested_at` datetime DEFAULT CURRENT_TIMESTAMP,
  `confirmed_at` datetime DEFAULT NULL,
  PRIMARY KEY (`initiator_user_id`,`target_user_id`),
  KEY `initiator_user_id` (`initiator_user_id`),
  KEY `target_user_id` (`target_user_id`),
  CONSTRAINT `friend_requests_ibfk_1` FOREIGN KEY (`initiator_user_id`) REFERENCES `users` (`id`),
  CONSTRAINT `friend_requests_ibfk_2` FOREIGN KEY (`target_user_id`) REFERENCES `users` (`id`)
) ENGINE=InnoDB DEFAULT CHARSET=utf8 COLLATE=utf8_unicode_ci;
/*!40101 SET character_set_client = @saved_cs_client */;

--
-- Dumping data for table `friend_requests`
--

LOCK TABLES `friend_requests` WRITE;
/*!40000 ALTER TABLE `friend_requests` DISABLE KEYS */;
INSERT INTO `friend_requests` VALUES (1,100,'approved','2015-06-01 09:18:00','1993-07-13 19:48:14'),(2,99,'approved','1982-06-25 22:15:26','1982-05-07 19:30:58'),(3,98,'approved','2015-06-11 04:36:37','1989-09-07 15:24:50'),(4,97,'approved','1989-10-02 16:22:53','1994-07-09 11:50:36'),(5,96,'approved','2004-11-28 16:19:54','1993-10-12 12:34:54'),(6,95,'approved','2011-06-27 06:08:27','1994-03-02 19:17:57'),(7,94,'approved','2004-02-09 10:56:06','2014-06-22 02:12:41'),(8,93,'approved','1987-02-08 00:37:47','1998-12-31 06:32:27'),(9,92,'approved','1992-12-04 02:15:50','1999-05-25 11:18:15'),(10,91,'approved','1973-12-29 15:51:39','1973-07-16 07:26:17'),(11,90,'approved','2004-09-14 17:44:37','2007-07-10 07:13:44'),(12,89,'approved','1997-07-09 12:00:51','1973-05-23 01:19:58'),(13,88,'approved','1992-09-11 16:53:21','1982-08-10 06:32:15'),(14,87,'approved','1983-10-28 10:27:36','1991-03-28 04:29:50'),(15,86,'approved','2010-04-26 22:17:22','1974-09-27 00:50:52'),(16,85,'approved','1992-11-23 20:03:13','2008-10-19 10:45:04'),(17,84,'approved','2004-09-16 06:15:16','2013-07-10 23:38:06'),(18,83,'approved','2004-02-22 05:52:17','1989-04-15 01:15:56'),(19,82,'approved','2003-02-28 15:58:19','2018-12-14 18:14:39'),(20,81,'approved','1998-09-02 11:02:37','1987-12-09 04:57:14'),(21,80,'approved','1980-05-21 13:35:04','1975-12-05 22:45:41'),(22,79,'approved','2016-06-11 17:35:24','1999-01-22 00:20:45'),(23,78,'approved','2008-02-02 04:14:55','1992-06-27 06:05:25'),(24,77,'approved','2009-10-20 09:32:28','2016-07-12 14:21:47'),(25,76,'approved','2010-05-25 12:02:05','1984-01-04 08:56:10'),(26,75,'approved','1980-06-12 13:02:52','2014-12-03 04:09:34'),(27,74,'approved','1970-06-23 20:10:44','2003-06-18 03:03:48'),(28,73,'approved','2001-12-07 00:51:09','2011-10-25 16:24:35'),(29,72,'approved','1980-06-24 04:30:55','1971-06-26 07:04:59'),(30,71,'approved','1997-02-01 14:38:57','2005-04-25 20:42:29'),(31,70,'approved','2009-01-25 16:43:58','2008-01-18 16:54:32'),(32,69,'approved','1972-08-23 00:51:05','1980-12-28 06:23:53'),(33,68,'approved','1977-02-13 09:02:04','1996-01-10 16:30:03'),(34,67,'approved','1988-07-07 15:18:10','2006-11-25 01:00:15'),(35,66,'approved','1999-06-15 10:03:48','1999-03-16 14:02:50'),(36,65,'approved','1990-11-25 01:37:32','2011-08-25 01:58:30'),(37,64,'approved','1993-02-20 18:42:27','1987-03-03 05:01:52'),(38,63,'approved','2006-08-18 03:42:00','2015-08-07 19:58:52'),(39,62,'approved','1983-01-31 23:07:28','1988-04-18 16:06:57'),(40,61,'approved','2015-04-25 20:16:22','1982-08-06 05:10:23'),(41,60,'approved','2006-02-08 06:42:22','1986-03-26 02:44:27'),(42,59,'approved','1993-08-19 16:01:42','2018-03-26 02:04:18'),(43,58,'approved','1974-07-15 15:55:00','2005-02-06 06:45:08'),(44,57,'approved','1995-11-20 15:17:22','1987-07-14 17:28:14'),(45,56,'approved','1990-07-30 23:28:38','1988-03-31 18:39:35'),(46,55,'approved','2006-08-31 17:31:59','1995-10-26 23:19:02'),(47,54,'approved','2008-08-06 02:56:45','1970-07-14 04:00:26'),(48,53,'approved','2019-03-11 20:10:46','1988-09-20 07:21:15'),(49,52,'approved','1970-01-19 19:38:48','2009-09-01 16:12:51'),(50,51,'approved','1988-07-31 14:07:48','2003-01-12 20:23:02'),(51,50,'approved','1971-07-15 08:23:25','1985-06-02 00:55:49'),(52,49,'approved','2011-03-11 04:34:29','1994-12-08 08:23:34'),(53,48,'approved','2013-05-14 13:37:16','1999-08-21 14:01:05'),(54,47,'approved','1979-10-13 09:33:14','1995-08-10 20:54:05'),(55,46,'approved','2017-11-08 02:09:59','2006-11-30 10:27:56'),(56,45,'approved','1993-11-23 07:11:19','2019-03-01 16:32:47'),(57,44,'approved','2019-04-10 05:38:52','1989-02-08 07:08:18'),(58,43,'approved','2001-03-16 07:51:12','2002-12-01 12:32:04'),(59,42,'approved','2019-08-31 02:17:21','2012-03-07 05:01:53'),(60,41,'approved','1973-02-04 10:25:09','1976-06-29 10:39:36'),(61,40,'approved','1983-02-20 03:40:26','1971-12-20 13:30:35'),(62,39,'approved','2010-08-27 16:07:36','1989-03-13 06:53:45'),(63,38,'approved','2019-06-08 20:38:16','2015-09-03 11:48:30'),(64,37,'approved','1991-07-18 04:27:09','2007-12-07 05:44:28'),(65,36,'approved','1974-08-07 03:32:13','1983-05-24 10:20:51'),(66,35,'approved','2006-12-26 22:23:52','1979-01-15 04:34:08'),(67,34,'approved','1986-05-10 20:40:10','1992-09-09 10:01:24'),(68,33,'approved','1997-07-22 16:03:38','2016-05-02 23:01:56'),(69,32,'approved','1993-03-14 23:01:02','1992-12-08 05:08:22'),(70,31,'approved','1995-02-14 16:27:05','1989-10-07 00:46:27'),(71,30,'approved','2016-04-09 18:52:33','1973-08-25 13:04:12'),(72,29,'approved','2007-06-04 15:28:01','2010-05-14 00:39:57'),(73,28,'approved','2017-06-28 09:37:34','1978-09-04 01:11:39'),(74,27,'approved','2003-05-20 13:31:52','1980-01-09 12:27:32'),(75,26,'approved','1996-04-27 10:37:39','2003-03-01 19:20:28'),(76,25,'approved','1984-10-31 20:32:14','1988-10-23 06:24:37'),(77,24,'approved','1975-02-20 17:36:38','1974-12-19 11:37:15'),(78,23,'approved','2005-02-15 16:24:44','1982-05-19 17:59:05'),(79,22,'approved','2017-06-25 19:08:47','1986-01-22 15:13:43'),(80,21,'approved','1988-04-23 11:37:02','2002-10-19 06:44:35'),(81,20,'approved','2003-01-17 07:56:31','1996-06-15 08:33:37'),(82,19,'approved','1977-04-12 06:35:02','2000-02-05 13:55:20'),(83,18,'approved','1990-07-09 02:35:42','1988-10-21 16:10:19'),(84,17,'approved','1998-01-28 22:15:46','2000-06-09 15:06:20'),(85,16,'approved','1985-06-28 09:58:20','1991-02-09 20:58:39'),(86,15,'approved','2012-02-22 16:37:08','1986-09-17 00:51:09'),(87,14,'approved','1977-10-28 14:52:26','2001-05-07 13:58:22'),(88,13,'approved','2016-06-09 22:04:37','2016-10-12 08:55:05'),(89,12,'approved','1992-08-04 02:11:10','2007-02-14 23:43:13'),(90,11,'approved','1987-05-13 16:28:38','2015-11-02 14:51:50'),(91,10,'approved','1979-06-07 06:15:12','1998-02-09 21:04:51'),(92,9,'approved','2019-05-30 12:46:43','1994-03-20 19:35:23'),(93,8,'approved','1984-12-22 09:14:04','2015-06-18 07:58:14'),(94,7,'approved','1986-12-26 10:52:22','2014-01-02 09:26:15'),(95,6,'approved','2011-12-08 21:57:32','1982-01-24 21:03:39'),(96,5,'approved','1991-06-02 12:31:20','2004-02-10 19:41:21'),(97,4,'approved','2019-09-05 11:46:49','1994-05-27 11:31:10'),(98,3,'approved','1984-08-06 01:40:54','1987-05-09 08:29:15'),(99,2,'approved','1979-12-18 05:44:40','2013-10-02 18:09:20'),(100,1,'approved','1983-10-16 01:36:19','1975-04-24 20:24:36');
/*!40000 ALTER TABLE `friend_requests` ENABLE KEYS */;
UNLOCK TABLES;

--
-- Table structure for table `likes`
--

DROP TABLE IF EXISTS `likes`;
/*!40101 SET @saved_cs_client     = @@character_set_client */;
/*!40101 SET character_set_client = utf8 */;
CREATE TABLE `likes` (
  `id` bigint(20) unsigned NOT NULL AUTO_INCREMENT,
  `user_id` bigint(20) unsigned NOT NULL,
  `media_id` bigint(20) unsigned NOT NULL,
  `created_at` datetime DEFAULT CURRENT_TIMESTAMP,
  PRIMARY KEY (`id`),
  KEY `user_id` (`user_id`),
  KEY `media_id` (`media_id`),
  CONSTRAINT `likes_ibfk_1` FOREIGN KEY (`user_id`) REFERENCES `users` (`id`),
  CONSTRAINT `likes_ibfk_2` FOREIGN KEY (`media_id`) REFERENCES `media` (`id`)
) ENGINE=InnoDB AUTO_INCREMENT=101 DEFAULT CHARSET=utf8 COLLATE=utf8_unicode_ci;
/*!40101 SET character_set_client = @saved_cs_client */;

--
-- Dumping data for table `likes`
--

LOCK TABLES `likes` WRITE;
/*!40000 ALTER TABLE `likes` DISABLE KEYS */;
INSERT INTO `likes` VALUES (1,1,1,'2012-06-09 20:56:02'),(2,2,2,'1981-11-07 21:21:49'),(3,3,3,'1976-06-15 22:41:07'),(4,4,4,'1998-12-08 22:11:19'),(5,5,5,'2007-01-20 15:42:39'),(6,6,6,'1996-12-18 02:54:20'),(7,7,7,'2013-10-04 11:12:45'),(8,8,8,'2005-07-25 18:48:10'),(9,9,9,'1995-09-22 08:50:08'),(10,10,10,'2015-11-09 02:47:28'),(11,11,11,'2017-03-05 04:15:28'),(12,12,12,'1971-02-02 12:27:25'),(13,13,13,'1979-05-29 17:46:22'),(14,14,14,'1987-12-10 09:38:41'),(15,15,15,'1974-05-05 04:10:07'),(16,16,16,'2012-05-09 13:50:24'),(17,17,17,'1980-09-26 21:42:55'),(18,18,18,'1993-04-22 02:08:05'),(19,19,19,'1975-10-06 09:58:19'),(20,20,20,'2015-12-10 19:10:32'),(21,21,21,'1974-03-14 11:47:53'),(22,22,22,'2001-10-11 18:48:47'),(23,23,23,'2014-03-11 05:51:03'),(24,24,24,'1986-05-04 06:54:24'),(25,25,25,'2002-05-16 00:51:32'),(26,26,26,'1978-05-23 04:22:19'),(27,27,27,'2017-06-21 17:02:02'),(28,28,28,'1973-01-27 03:21:12'),(29,29,29,'1982-08-11 07:06:59'),(30,30,30,'2010-12-25 04:40:48'),(31,31,31,'2002-08-06 21:44:58'),(32,32,32,'1982-09-14 06:36:56'),(33,33,33,'1977-05-23 09:07:10'),(34,34,34,'1978-01-25 13:50:46'),(35,35,35,'2019-07-26 06:05:32'),(36,36,36,'1991-10-10 14:05:56'),(37,37,37,'2007-11-13 06:15:31'),(38,38,38,'1971-08-11 16:26:52'),(39,39,39,'1987-08-01 05:08:01'),(40,40,40,'1987-08-23 03:12:55'),(41,41,41,'2016-12-19 18:20:37'),(42,42,42,'1986-09-25 19:33:16'),(43,43,43,'2008-05-01 10:55:58'),(44,44,44,'2016-11-15 07:09:35'),(45,45,45,'1990-08-22 18:34:00'),(46,46,46,'2009-07-19 10:15:02'),(47,47,47,'2014-12-02 01:36:56'),(48,48,48,'1973-04-23 23:49:52'),(49,49,49,'1981-04-23 08:01:05'),(50,50,50,'1995-03-25 19:50:19'),(51,51,51,'1979-08-25 05:31:00'),(52,52,52,'1983-02-16 15:09:49'),(53,53,53,'1978-10-20 13:37:20'),(54,54,54,'2018-09-29 04:44:58'),(55,55,55,'2011-01-08 20:56:39'),(56,56,56,'1975-02-08 10:31:19'),(57,57,57,'1987-12-24 20:55:18'),(58,58,58,'1983-09-20 20:37:34'),(59,59,59,'2003-11-05 03:43:53'),(60,60,60,'2001-12-12 13:47:44'),(61,61,61,'2016-11-11 15:09:36'),(62,62,62,'1982-01-29 21:19:36'),(63,63,63,'1985-05-27 12:39:00'),(64,64,64,'2006-05-04 15:04:42'),(65,65,65,'1999-09-07 09:51:59'),(66,66,66,'2016-02-18 20:26:16'),(67,67,67,'2001-04-28 15:28:38'),(68,68,68,'2000-09-12 22:17:39'),(69,69,69,'1975-02-09 15:13:37'),(70,70,70,'1999-05-05 16:24:39'),(71,71,71,'1972-09-05 01:35:06'),(72,72,72,'1971-06-07 12:58:03'),(73,73,73,'1988-04-25 18:27:09'),(74,74,74,'1976-03-26 08:42:39'),(75,75,75,'2019-04-22 01:56:12'),(76,76,76,'2009-10-01 08:33:12'),(77,77,77,'1971-07-06 19:06:27'),(78,78,78,'2012-05-11 02:10:03'),(79,79,79,'1992-08-01 20:32:19'),(80,80,80,'2002-05-08 22:55:11'),(81,81,81,'1989-07-24 17:06:49'),(82,82,82,'2015-11-17 10:02:05'),(83,83,83,'2016-03-30 14:57:30'),(84,84,84,'1975-05-20 21:59:43'),(85,85,85,'1992-07-06 18:27:59'),(86,86,86,'1995-04-16 07:50:55'),(87,87,87,'1999-05-04 22:00:17'),(88,88,88,'1995-10-13 11:25:17'),(89,89,89,'1999-06-07 19:45:07'),(90,90,90,'2018-08-18 21:10:43'),(91,91,91,'2013-05-12 04:04:45'),(92,92,92,'1977-06-04 20:44:27'),(93,93,93,'1985-03-17 13:41:33'),(94,94,94,'2015-08-08 05:26:01'),(95,95,95,'2013-02-15 18:30:12'),(96,96,96,'1991-08-05 10:26:09'),(97,97,97,'1979-08-15 08:12:43'),(98,98,98,'1989-08-14 17:49:30'),(99,99,99,'1991-07-04 08:51:33'),(100,100,100,'1987-02-03 09:11:15');
/*!40000 ALTER TABLE `likes` ENABLE KEYS */;
UNLOCK TABLES;

--
-- Table structure for table `media`
--

DROP TABLE IF EXISTS `media`;
/*!40101 SET @saved_cs_client     = @@character_set_client */;
/*!40101 SET character_set_client = utf8 */;
CREATE TABLE `media` (
  `id` bigint(20) unsigned NOT NULL AUTO_INCREMENT,
  `media_type_id` bigint(20) unsigned NOT NULL,
  `user_id` bigint(20) unsigned NOT NULL,
  `body` text COLLATE utf8_unicode_ci,
  `filename` varchar(255) COLLATE utf8_unicode_ci DEFAULT NULL,
  `size` int(11) DEFAULT NULL,
  `metadata` longtext CHARACTER SET utf8mb4 COLLATE utf8mb4_bin,
  `created_at` datetime DEFAULT CURRENT_TIMESTAMP,
  `updated_at` datetime DEFAULT CURRENT_TIMESTAMP ON UPDATE CURRENT_TIMESTAMP,
  PRIMARY KEY (`id`),
  KEY `user_id` (`user_id`),
  KEY `media_type_id` (`media_type_id`),
  CONSTRAINT `media_ibfk_1` FOREIGN KEY (`user_id`) REFERENCES `users` (`id`),
  CONSTRAINT `media_ibfk_2` FOREIGN KEY (`media_type_id`) REFERENCES `media_types` (`id`)
) ENGINE=InnoDB AUTO_INCREMENT=101 DEFAULT CHARSET=utf8 COLLATE=utf8_unicode_ci;
/*!40101 SET character_set_client = @saved_cs_client */;

--
-- Dumping data for table `media`
--

LOCK TABLES `media` WRITE;
/*!40000 ALTER TABLE `media` DISABLE KEYS */;
INSERT INTO `media` VALUES (1,1,1,'Sed at delectus autem voluptatem eligendi. Cupiditate dicta quas dolores sunt rerum sequi non. Sed autem cum ut modi numquam est voluptatibus eum.','perspiciatis',84986,NULL,'1984-08-26 00:18:52','1996-10-03 23:36:46'),(2,2,2,'Ad officia minus perspiciatis accusamus animi illo. Eveniet saepe consequatur porro sint excepturi quibusdam. Sed officiis voluptatem amet cumque nihil rerum. In fugit alias qui repellendus consequatur nulla consequatur. Iure eveniet amet delectus aut et.','ut',54,NULL,'2011-10-20 11:22:27','1981-03-03 21:33:27'),(3,3,3,'Doloribus ea tempore animi omnis. Et officia est ipsum dolorem architecto. Neque ut tempore sit eum atque ut ea.','sequi',1844,NULL,'1987-12-11 21:29:51','2004-01-25 03:31:02'),(4,4,4,'Voluptatem quod unde voluptates culpa asperiores ut. Voluptatum dolore soluta voluptas assumenda vero et totam. Non autem animi repellat eum.','amet',247989,NULL,'1987-11-14 05:25:23','1986-12-13 14:57:09'),(5,5,5,'Sit autem est odio dolores. Illo et animi nesciunt magnam repellendus aut. Eveniet rerum illo voluptatibus doloremque fugiat.','distinctio',9859,NULL,'2011-06-22 02:09:49','2019-09-11 10:48:00'),(6,6,6,'Quasi ut rem quo libero at tempore. Necessitatibus exercitationem tempora iure velit. Eum officiis quibusdam sapiente ab dignissimos facilis vero. Itaque possimus qui ipsam vel corrupti dolore eum. Cum facere illo veritatis quod.','et',9282,NULL,'2013-11-22 14:11:58','1984-09-15 06:18:15'),(7,7,7,'Est rerum fugiat quisquam facilis eum molestiae. Animi temporibus ut debitis. Et aut illo eum voluptate voluptas. Soluta qui dolores totam accusantium occaecati aut.','aut',0,NULL,'2000-12-05 17:06:45','1982-08-31 22:07:04'),(8,8,8,'Quia repellendus voluptate consequatur ex quas porro. Vel perspiciatis mollitia labore quia. Inventore ea ut sint a maxime enim iste. Enim incidunt sequi nemo fuga tempore ipsam maiores fugiat.','quas',0,NULL,'2002-07-21 19:10:11','1989-08-16 10:11:02'),(9,9,9,'Aut nihil saepe accusantium voluptatem est. Et velit commodi eligendi fugit. Et non non ea atque minus ut sit dicta. Commodi sint autem sit.','inventore',47420,NULL,'2001-01-10 14:01:30','1972-01-24 08:46:18'),(10,10,10,'Sint qui numquam cum. In accusantium et adipisci est. Et voluptatibus ut magnam aut autem.','a',4723,NULL,'2009-11-10 15:10:21','1970-05-05 23:00:10'),(11,11,11,'Quia libero qui dolores harum iure culpa ipsam. Occaecati quia delectus accusantium beatae. Quasi atque magnam eos odit voluptatem ut vero et.','ut',11959,NULL,'1980-09-30 22:28:04','2014-05-06 18:51:24'),(12,12,12,'Ut ad qui et enim enim aut. Magnam cupiditate corrupti magni reprehenderit atque sunt suscipit. Sit neque provident omnis explicabo mollitia numquam.','est',984254,NULL,'1977-03-30 04:40:43','1976-07-17 10:12:41'),(13,13,13,'Inventore et harum odio aliquid tenetur. Dolorum ipsa unde deserunt cupiditate autem fugit ea. Voluptatem autem iste quia pariatur. Odio quos est architecto explicabo.','perspiciatis',0,NULL,'1992-08-05 22:37:29','2001-05-29 23:48:47'),(14,14,14,'Fuga eligendi velit laborum neque eaque. Consectetur temporibus tempore qui sint. Voluptas explicabo veniam deserunt et nobis incidunt.','nostrum',882691,NULL,'1984-03-26 02:48:13','2019-07-29 16:28:48'),(15,15,15,'Optio id corrupti amet. Adipisci qui consequatur voluptatem nesciunt. Tempore dolor architecto vero fugiat quidem nihil atque.','corporis',6,NULL,'1996-01-27 02:23:44','1989-10-31 22:01:39'),(16,16,16,'Vel ea dignissimos rerum facere aut sint aliquid. Non sed maxime quidem alias quos. Nobis voluptas velit voluptas magni rerum. Ipsam dolor sint deleniti beatae iste aut dolor.','perferendis',398,NULL,'2017-02-05 11:38:56','1971-01-30 21:52:59'),(17,17,17,'Dignissimos velit dolorum fugiat laboriosam nulla. Repudiandae non placeat illo alias animi. Pariatur odio illum sapiente adipisci impedit. Neque expedita earum officia error enim iste. Sit eos numquam voluptas ut.','itaque',4101965,NULL,'2018-06-22 15:39:34','1989-09-21 02:46:39'),(18,18,18,'Harum aut veniam et magni officia sit. Est suscipit ea consequatur rerum nulla ducimus unde animi. Molestiae ut enim aut nostrum itaque odit.','vitae',1654,NULL,'1996-05-27 02:07:12','1978-12-03 14:32:04'),(19,19,19,'Cum atque omnis consequatur dolor et. Autem corporis a fugit delectus aliquam omnis quo. Sit et facilis voluptatem exercitationem ea sed qui.','laborum',3736,NULL,'1974-04-07 21:16:22','1976-01-16 13:15:24'),(20,20,20,'Officiis nobis est qui. Autem asperiores reprehenderit reiciendis quia atque. Velit consectetur sint vel odio consequuntur ullam dolor. Doloribus ut quia adipisci nulla.','incidunt',0,NULL,'1982-10-31 12:08:21','2001-07-27 02:12:04'),(21,1,21,'Aspernatur reprehenderit laudantium blanditiis quo. Possimus dolores velit id occaecati aut. Eum est ut est laudantium eum aspernatur. Voluptas ipsum odio rerum repudiandae.','corrupti',774495,NULL,'2016-06-15 15:00:36','1979-04-28 10:38:42'),(22,2,22,'Officiis modi nihil necessitatibus non velit. Omnis totam quidem rem quis aut natus animi. Natus sequi eos atque vel vero harum. Deleniti eum aspernatur perspiciatis aut debitis laboriosam qui.','a',0,NULL,'2002-04-21 13:18:41','1998-10-26 11:45:20'),(23,3,23,'Officia repellat quia omnis quia sunt dolor ea. Eligendi numquam culpa tempore iure ipsum est. Quasi molestiae at blanditiis temporibus. Porro et quod atque ducimus exercitationem dolore maiores.','accusantium',4766,NULL,'1977-10-15 17:37:47','2005-04-07 17:12:14'),(24,4,24,'Quia omnis illo ipsum impedit explicabo ea. Eaque nisi itaque ex quis quisquam nobis minus. Modi rem sed vitae dolorem possimus natus.','est',279,NULL,'1989-10-24 16:55:44','1997-12-30 05:47:37'),(25,5,25,'Similique quos voluptatem ea quis odit pariatur nihil eum. Eos nesciunt aut voluptatem vel iusto. Aperiam veniam quia iusto itaque.','ipsum',8676375,NULL,'2007-10-30 08:30:58','1980-06-22 08:10:28'),(26,6,26,'Officiis autem omnis qui aut vel sit. Nulla vero ipsam iure dolorem sed. Maxime nemo labore sit repellendus autem ut.','qui',9436780,NULL,'2005-07-10 00:00:39','1992-04-09 04:21:23'),(27,7,27,'Ipsa voluptatum repudiandae ad et ut eos nesciunt. Magnam expedita excepturi hic aliquam. Enim dolores architecto minima nulla. Exercitationem est est animi architecto quia.','qui',869,NULL,'1988-01-30 05:35:13','1977-03-12 02:20:46'),(28,8,28,'Eos quos qui rerum a inventore nemo. Et error quia commodi aliquid. Id asperiores temporibus ea enim et. Mollitia ad voluptatem dolores quasi quasi dolor dignissimos.','ullam',328887,NULL,'2009-05-22 01:57:36','1970-02-14 16:31:26'),(29,9,29,'Earum et aut alias sit saepe officiis at. Necessitatibus consequatur laudantium dolorem omnis porro tempore quia.','sed',775728,NULL,'1974-09-08 13:35:49','1977-07-22 01:45:09'),(30,10,30,'Ad dolorem qui voluptates ad placeat optio. Excepturi aut deserunt sed non et expedita provident. Ipsum laboriosam officia molestiae voluptas commodi exercitationem.','delectus',36,NULL,'1992-05-18 23:43:26','2014-07-08 21:07:45'),(31,11,31,'Nulla quidem aut inventore fugit deserunt sed. Eos perferendis laboriosam provident accusamus. Perferendis et repellat in vel. Voluptas ratione quo tenetur asperiores.','odit',682927,NULL,'1996-09-14 08:24:23','1974-11-21 08:24:56'),(32,12,32,'Saepe quidem sint reiciendis et earum soluta. Aut similique quis maiores nemo a. Quasi cumque atque beatae odio inventore blanditiis beatae omnis.','consequatur',2160,NULL,'1980-04-04 15:27:12','1992-01-23 03:54:01'),(33,13,33,'Aut aut nihil quis incidunt dicta quae cumque. Omnis temporibus quos aut soluta quo error. Odit labore veritatis est tempore non alias saepe.','facere',414001,NULL,'1986-02-25 04:24:51','2000-04-03 17:36:53'),(34,14,34,'Non quos officia sed non recusandae. Reiciendis eos corporis facere. Mollitia perferendis eum velit.','deserunt',221477658,NULL,'1999-03-27 22:51:58','1976-05-03 01:01:57'),(35,15,35,'Quidem nobis doloremque voluptatem fugit assumenda esse in. Minima qui porro recusandae ad et. Dolorem repellat reprehenderit possimus numquam sint voluptas.','quo',9594672,NULL,'2007-01-11 01:34:20','1983-03-06 10:23:56'),(36,16,36,'Dicta quasi ad voluptates et. Rerum nam et quos dolores est. Itaque quisquam tempora omnis perferendis mollitia.','nemo',164,NULL,'2001-06-16 03:43:29','2002-01-15 04:24:35'),(37,17,37,'Esse placeat voluptas deleniti possimus voluptatum. Debitis in fugiat et velit blanditiis omnis ipsam quo. Enim aut aspernatur vero. Optio possimus soluta ut et est maxime voluptatibus.','dolore',6,NULL,'2009-07-07 18:39:40','1993-01-24 01:59:16'),(38,18,38,'Nulla enim nostrum est. Error consectetur aut tenetur accusantium et illo. Dolorem asperiores ut commodi velit explicabo. Qui consequatur deleniti quod cum numquam.','magni',36558766,NULL,'1975-03-01 15:59:37','1973-05-11 05:29:16'),(39,19,39,'Iusto repellendus harum error et ullam sed. Aut sed et impedit id natus nulla ut quasi. Sit alias vel voluptatem ut aspernatur excepturi officia. Debitis dicta harum inventore.','consequatur',30123096,NULL,'2009-05-06 19:03:50','2001-11-23 21:07:25'),(40,20,40,'Harum et fuga cupiditate quae. Eum laborum accusamus voluptatem maxime. Autem alias explicabo culpa ipsum.','nihil',0,NULL,'2015-03-12 17:48:37','1987-06-03 02:12:01'),(41,1,41,'Voluptatem dolor magni temporibus dolorum eos saepe optio. Sed ut quaerat doloremque pariatur est sed. Reiciendis in consequatur deleniti.','dolor',215604,NULL,'1973-09-19 09:56:09','1989-09-04 11:52:56'),(42,2,42,'Necessitatibus odit modi iure quia impedit. Non nemo corporis omnis commodi. Tenetur sunt voluptatem voluptas ipsa laudantium ut. Fuga et nesciunt repellendus rerum voluptatem minima rerum.','eligendi',8502509,NULL,'2008-03-14 22:04:18','2019-02-01 15:30:26'),(43,3,43,'Et et omnis placeat. Voluptate quia voluptas sed voluptas libero. Dolorem perferendis a et inventore occaecati. Earum qui id consequuntur reiciendis. Omnis non voluptates et sed veniam et assumenda.','commodi',1324,NULL,'2002-07-02 11:06:18','2011-04-13 06:31:29'),(44,4,44,'Omnis beatae repudiandae nemo molestiae. Voluptatem voluptatem rerum autem possimus cupiditate aut et. In unde nisi magni eligendi eos officiis ut quibusdam. Nemo rerum mollitia distinctio beatae.','ut',148240,NULL,'1984-09-24 11:56:15','1980-07-07 09:23:37'),(45,5,45,'Et sint sit aut cupiditate dolor. Voluptatem doloribus explicabo veritatis voluptatem hic. Eveniet laboriosam consectetur impedit voluptatem. Laboriosam et repudiandae eveniet perferendis.','unde',2308,NULL,'2018-12-13 19:11:50','2006-08-03 04:02:58'),(46,6,46,'Odio id rerum aspernatur libero totam accusantium. Recusandae et provident non mollitia quia nostrum doloremque. Fugiat sed maiores necessitatibus incidunt qui nobis non. Natus et totam omnis numquam incidunt facere.','debitis',3155,NULL,'1999-06-16 15:34:09','2002-06-11 23:56:03'),(47,7,47,'Omnis est eius at fuga laudantium. Excepturi omnis sequi dignissimos maxime consequatur repellat. Ratione vel sit laudantium dolores non aut. Maiores dolorum eos accusantium consequatur itaque.','sunt',67023449,NULL,'1997-05-19 10:36:57','1971-12-08 06:59:33'),(48,8,48,'Perspiciatis rerum placeat rerum beatae. Voluptatem et maiores et. Et doloribus nihil quaerat ut. Qui adipisci corrupti totam corporis saepe. Sed non tempora dignissimos vel qui non voluptas.','facere',140989425,NULL,'1981-12-01 15:55:17','2017-01-19 16:51:16'),(49,9,49,'Qui non harum aut dicta quas est dicta. Sapiente corrupti adipisci dignissimos repudiandae laudantium quibusdam voluptates. Ad quisquam corporis fuga rerum neque beatae. Tenetur nemo omnis quo sint.','alias',490,NULL,'2012-06-12 00:36:47','2014-04-15 07:59:16'),(50,10,50,'Praesentium praesentium earum distinctio in suscipit. Voluptatem sed consequuntur ex omnis dolor et qui. Nihil facere saepe est occaecati eveniet tempora. Pariatur et quidem debitis at omnis esse dolores.','error',6516117,NULL,'1979-11-21 11:43:36','1976-09-17 20:33:22'),(51,11,51,'Rerum recusandae qui illum. Non ut ut hic. Nihil voluptatibus dolorum eum hic officiis.','dolore',67750,NULL,'1981-02-16 04:35:33','2005-11-13 23:38:47'),(52,12,52,'Vero facilis harum necessitatibus odit aliquam voluptas aut. Nihil consequatur in ullam ut ratione ipsam. Et harum delectus tenetur eos omnis laborum.','ipsam',90,NULL,'1986-01-31 01:33:31','2018-04-24 12:28:18'),(53,13,53,'Aliquid animi molestias illo et exercitationem assumenda et. Voluptas illo nihil impedit quasi earum sequi voluptatibus.','veritatis',8042,NULL,'1986-04-07 05:20:05','2004-10-22 03:06:12'),(54,14,54,'Itaque repellendus quis eos modi qui sequi omnis. Ut libero velit nostrum aut et totam et. Illo et voluptate magnam quas distinctio et. Rerum enim debitis officia eius.','excepturi',0,NULL,'2001-03-16 07:56:18','2003-04-05 17:45:49'),(55,15,55,'Iusto rerum eos dolorem eius voluptas qui. Voluptatem nisi cumque doloremque. Eaque perspiciatis dolorem delectus consequatur nostrum exercitationem.','labore',675682,NULL,'1979-01-21 14:33:59','1972-11-12 04:08:24'),(56,16,56,'Sit commodi sit id voluptatem atque. Dolor quis odio nihil doloremque consequuntur eveniet eos aspernatur. Et blanditiis est praesentium velit enim. Aut quibusdam et laborum aut aut et.','aspernatur',892171817,NULL,'1997-03-30 07:03:45','1987-04-05 07:31:21'),(57,17,57,'Aut nostrum eos quidem quia aut magnam praesentium repellendus. Id porro dolorum unde dolorem et et. Ut et et iusto molestias aut qui.','ratione',4418,NULL,'2018-02-24 10:56:07','2001-05-01 10:28:48'),(58,18,58,'Et omnis dolores doloribus optio unde. Impedit esse est aperiam magni sunt et quae eos. Eligendi necessitatibus laborum voluptas ut et fugit.','voluptatum',90,NULL,'2004-02-08 12:07:35','2008-10-28 09:47:40'),(59,19,59,'Aut autem consequuntur placeat nostrum. Quaerat ut vel et quod sit aut libero. Rerum qui molestiae ut nobis sit et qui rerum.','et',39,NULL,'1999-01-08 10:15:49','1973-02-08 11:56:49'),(60,20,60,'Explicabo placeat cupiditate qui molestiae aut. Numquam qui ad dolor laboriosam occaecati vero. Eos repellat qui sequi qui. Sit quam in iusto ipsa.','non',927987688,NULL,'1997-05-07 15:41:53','1987-07-20 19:13:09'),(61,1,61,'Et ad quasi non pariatur dicta. Velit soluta et veritatis et quidem. Amet expedita eius dicta eveniet.','aut',3659,NULL,'2006-11-27 07:00:47','2002-03-01 02:11:03'),(62,2,62,'Enim alias eligendi doloremque repellat velit nulla dolor. Voluptatum quibusdam fugiat ipsa aliquid labore alias. Consequatur vel eveniet in. Perspiciatis consectetur quis temporibus.','blanditiis',9,NULL,'1979-01-06 04:06:54','2000-09-11 20:47:57'),(63,3,63,'Et explicabo ut natus unde. Non sed vel blanditiis est. Est accusamus in deleniti odio distinctio sunt voluptas.','reiciendis',721104,NULL,'2005-05-01 04:32:09','2001-05-29 06:01:15'),(64,4,64,'Voluptatum tempore assumenda id. Officia qui rerum rerum ut voluptas. Unde deserunt est rerum optio sit quia. Veritatis ea natus aperiam.','molestiae',527490857,NULL,'2000-03-31 19:00:30','2001-12-24 08:03:20'),(65,5,65,'Dolor quam optio natus aut officia fugit. Rerum at reprehenderit et est corrupti ut quia. Quidem consectetur et aut natus officia ducimus corrupti sit.','qui',80628,NULL,'1990-04-06 21:20:02','1990-12-17 01:40:57'),(66,6,66,'Accusantium nam expedita architecto architecto. Atque culpa et rerum doloribus. In sit quidem reprehenderit ipsam cum non.','eum',17,NULL,'2001-02-21 08:50:45','2002-02-06 02:34:39'),(67,7,67,'Facere architecto consectetur est aliquam et. Alias ullam occaecati laudantium ea. Similique dolorem repudiandae doloremque est esse omnis.','doloremque',4877,NULL,'1981-01-10 20:10:58','1983-01-20 17:05:45'),(68,8,68,'Ipsam voluptas voluptas ad et aut ut ut. Ut dolorum est laboriosam autem commodi in nulla.','placeat',0,NULL,'2008-12-07 13:09:49','2016-11-05 21:02:40'),(69,9,69,'Quaerat vel dolorum vitae ut. Amet et dolor maiores odit nemo sequi. Laborum autem fugit eos sapiente rerum non. Et ea possimus ea et totam voluptate ut.','sunt',799630047,NULL,'1994-12-04 10:00:38','1979-05-03 09:23:38'),(70,10,70,'Molestias eos ut maiores eos et a assumenda. Beatae provident minima dolor aut quis quos fuga. Dolorem impedit accusamus ipsum.','corporis',77,NULL,'1989-05-08 20:56:54','2009-10-21 02:34:15'),(71,11,71,'Deserunt incidunt tenetur qui. Nisi eius quos fugiat nulla. Architecto ducimus porro est quia. Numquam saepe distinctio sed totam adipisci autem qui.','ab',7651,NULL,'1977-11-26 15:54:44','2016-10-24 00:43:12'),(72,12,72,'Distinctio iste quo aliquam laudantium facilis adipisci impedit. Nesciunt et vel quia non nihil iusto. Aut veniam aut corrupti. Aut enim est adipisci eligendi.','ut',349,NULL,'1992-04-04 08:52:40','1988-09-26 06:53:44'),(73,13,73,'Et expedita est deserunt qui asperiores. Quas soluta quod reiciendis suscipit doloribus eius.','facilis',283,NULL,'1982-08-19 23:36:55','2010-12-16 14:56:47'),(74,14,74,'Et et temporibus fugiat ut. Porro ut quod labore qui facere. Autem nesciunt quo numquam doloremque at. Nostrum soluta sed distinctio. Minima et maiores voluptatibus eum rem quod.','iste',40,NULL,'1996-02-01 14:10:50','1975-10-19 03:49:01'),(75,15,75,'Sint aliquam quis iure distinctio voluptate. Dolorem amet quasi aut est. Sunt eaque dolore assumenda ducimus. Voluptate omnis aut vero velit et nihil possimus.','vero',542665669,NULL,'1999-07-23 16:04:01','2006-05-18 13:29:08'),(76,16,76,'Error quibusdam dolores velit voluptatibus omnis dolorem ipsa. Ea assumenda quia ut vel iste. Culpa esse qui sed consequatur voluptatibus facere hic. Doloribus magnam fugit ut dignissimos quos.','sequi',50646954,NULL,'1979-09-06 12:36:09','1989-12-08 17:05:42'),(77,17,77,'Illo exercitationem molestias provident in quod. Minima iste pariatur consequatur aut. Vero voluptatem iusto quasi quia tempora quas.','sit',2,NULL,'1973-02-08 11:08:46','2009-12-20 15:03:53'),(78,18,78,'Nostrum iusto sint autem facere velit sed et fuga. Vel aspernatur odit non sint. Ipsam eaque molestias beatae enim.','eveniet',6515000,NULL,'1974-05-17 18:32:45','1980-07-01 08:19:21'),(79,19,79,'Aut est sit officiis nihil. Vel adipisci nisi dicta architecto qui. Aut architecto expedita explicabo rerum hic. Incidunt accusamus ipsa cum dolorem saepe voluptatem.','neque',72010,NULL,'2012-02-08 04:16:12','1999-03-28 15:40:15'),(80,20,80,'Deleniti repudiandae temporibus harum ea architecto. Delectus assumenda quo aut omnis. Rerum libero id molestias quis deserunt ut ea.','mollitia',7816836,NULL,'2016-01-19 07:29:51','1985-07-05 03:57:12'),(81,1,81,'Alias incidunt iusto in nostrum quasi minus placeat. Occaecati et molestiae recusandae natus error nesciunt. Nihil non at quisquam.','animi',513853718,NULL,'1980-03-23 16:04:11','2011-10-04 07:27:54'),(82,2,82,'Maxime hic culpa ipsam velit. In consequuntur aut ullam. Inventore odio totam quas.','expedita',63,NULL,'2003-04-15 14:08:57','2013-07-08 14:44:58'),(83,3,83,'Commodi eum velit deserunt ducimus sed cupiditate reprehenderit. Omnis aspernatur nihil et dicta odio dolores. Dolor quia asperiores enim ratione minus quia. Quaerat commodi pariatur mollitia est et repellendus quos.','odio',1093,NULL,'1989-07-18 15:12:33','1987-06-06 21:35:48'),(84,4,84,'Beatae sed sequi distinctio reprehenderit quasi ea. Nesciunt maiores nobis sed placeat itaque ea ut. Reiciendis aut debitis et aut. Dicta ut adipisci debitis adipisci deserunt veritatis.','ut',6,NULL,'1988-01-06 10:39:49','1983-01-06 03:13:43'),(85,5,85,'Velit expedita consequatur dolore vel in velit repellendus. Ut minus officiis aspernatur quibusdam ex neque. Qui architecto voluptatem id necessitatibus asperiores est accusamus qui. Corporis quae assumenda error.','nostrum',4346942,NULL,'2005-04-02 14:26:29','2018-06-01 19:20:53'),(86,6,86,'Dolorem et ea et ipsa. Et dolor omnis exercitationem in blanditiis aspernatur. Ullam repudiandae voluptas mollitia est. Dolores rerum molestiae nihil dolor corporis perspiciatis.','cumque',7558731,NULL,'2006-07-12 06:48:07','1994-08-25 17:00:35'),(87,7,87,'Fuga dolor reiciendis et rerum aliquam. Praesentium aut aut hic et. Reiciendis earum in impedit deserunt aliquid officiis necessitatibus. Ut aut ipsam sunt aut totam vel.','necessitatibus',74096164,NULL,'2016-01-02 12:10:57','2009-12-23 06:11:51'),(88,8,88,'Amet ullam sequi non aliquid velit. Deleniti consequatur aperiam vitae dolore cumque saepe. Ullam necessitatibus sed quisquam odio.','consequuntur',89133478,NULL,'1973-05-30 06:07:18','2011-11-18 00:58:03'),(89,9,89,'Ratione vitae enim nulla voluptatem qui. Alias quis blanditiis est ducimus error et id. Facere itaque voluptates temporibus est.','error',2,NULL,'2015-06-04 13:49:25','1986-12-26 16:40:56'),(90,10,90,'Assumenda qui delectus velit et. Qui et nobis doloribus cum quam et. Maxime non eaque soluta sed quasi neque aut impedit. Repellat eum quaerat fugit voluptatem occaecati eius molestiae.','tempore',91,NULL,'2018-11-24 04:34:00','2017-06-16 23:21:09'),(91,11,91,'Consequatur incidunt molestias dolor unde non impedit. Libero voluptatem atque eos sint. Corrupti non beatae quia. Ducimus eius pariatur et vero.','sapiente',19483,NULL,'1977-01-30 07:35:25','1975-11-08 06:50:09'),(92,12,92,'Vero nesciunt optio a et. Molestias corrupti commodi voluptatum voluptatem voluptate est at. Aut est accusamus doloribus quo.','asperiores',8,NULL,'2019-10-06 18:27:57','1990-01-14 13:22:44'),(93,13,93,'Assumenda vel architecto sit qui molestiae. Delectus corrupti error molestiae tempora nobis. Vitae facere eveniet cum quaerat sed perferendis dignissimos natus.','excepturi',95041682,NULL,'2002-03-19 23:58:29','1996-01-07 07:37:45'),(94,14,94,'Ducimus repudiandae quo eum est. Debitis nobis voluptates est culpa voluptatem voluptatum. Minima quas et quas iure quis aut commodi sit. Reprehenderit dolorem quae ad voluptate in accusantium id.','architecto',57882508,NULL,'1973-09-17 21:17:23','1990-10-20 21:14:53'),(95,15,95,'Repellendus quis nemo nam voluptas eos incidunt expedita. Assumenda voluptatem quo minima ad ut. Aliquam laborum quidem eos voluptatem non est id.','repellat',83,NULL,'2006-04-03 05:53:14','1996-01-17 19:37:44'),(96,16,96,'Unde qui sint illo temporibus officia dolorum. Nisi quis ab aut recusandae qui quia a odio. Perferendis in laudantium qui expedita.','omnis',3,NULL,'1985-10-14 10:48:20','1982-11-14 13:00:03'),(97,17,97,'Voluptatem error aut qui laudantium unde. Autem aut fuga perspiciatis quam neque aut. Fugiat deleniti molestias fugit et in.','animi',4822800,NULL,'1983-07-11 09:04:41','1985-06-22 17:53:32'),(98,18,98,'Possimus repudiandae id voluptatem labore. Ipsam rerum accusamus nam ratione. Nobis in minus voluptas a error cupiditate. Et qui maxime omnis necessitatibus.','ut',290471,NULL,'2016-04-14 19:08:17','2005-11-11 22:39:08'),(99,19,99,'Voluptatem quia dignissimos nihil doloremque quae sint sunt. Aliquam autem quo sed reiciendis. Et dolorem sunt quis iste inventore illo quidem.','cumque',85815288,NULL,'1972-07-15 09:39:39','2007-11-22 20:38:53'),(100,20,100,'Voluptas pariatur et incidunt nam. Repellendus dolor at quisquam deserunt sunt aut vel. Voluptatibus est voluptate atque expedita quis itaque. Sed aperiam ab quod sunt.','esse',877279,NULL,'2011-01-07 00:12:11','2000-09-27 12:12:56');
/*!40000 ALTER TABLE `media` ENABLE KEYS */;
UNLOCK TABLES;

--
-- Table structure for table `media_types`
--

DROP TABLE IF EXISTS `media_types`;
/*!40101 SET @saved_cs_client     = @@character_set_client */;
/*!40101 SET character_set_client = utf8 */;
CREATE TABLE `media_types` (
  `id` bigint(20) unsigned NOT NULL AUTO_INCREMENT,
  `name` varchar(255) COLLATE utf8_unicode_ci DEFAULT NULL,
  `created_at` datetime DEFAULT CURRENT_TIMESTAMP,
  `updated_at` datetime DEFAULT CURRENT_TIMESTAMP ON UPDATE CURRENT_TIMESTAMP,
  PRIMARY KEY (`id`)
) ENGINE=InnoDB AUTO_INCREMENT=21 DEFAULT CHARSET=utf8 COLLATE=utf8_unicode_ci;
/*!40101 SET character_set_client = @saved_cs_client */;

--
-- Dumping data for table `media_types`
--

LOCK TABLES `media_types` WRITE;
/*!40000 ALTER TABLE `media_types` DISABLE KEYS */;
INSERT INTO `media_types` VALUES (1,'porro','2015-08-25 08:38:19','1976-07-04 18:22:28'),(2,'sint','1979-08-02 09:59:19','2013-11-28 10:10:14'),(3,'quia','1996-03-28 10:42:14','2007-06-27 03:55:20'),(4,'nam','1983-01-16 00:15:09','2019-02-08 22:16:51'),(5,'ea','2020-02-10 09:41:24','1996-06-30 20:29:55'),(6,'sit','2005-05-18 01:46:02','1999-06-11 11:41:25'),(7,'consequatur','2006-01-14 00:21:39','1999-09-19 02:10:30'),(8,'eum','1995-10-01 23:16:18','1970-10-21 09:43:46'),(9,'quisquam','1997-05-04 15:55:35','1991-11-09 13:37:53'),(10,'neque','2010-04-07 22:42:48','1984-04-16 19:04:48'),(11,'sunt','1985-04-28 23:01:51','2000-07-06 11:42:38'),(12,'sed','1981-10-15 21:18:51','1978-10-11 06:10:22'),(13,'rerum','2004-04-22 00:42:38','2000-10-27 08:29:10'),(14,'et','1988-12-16 11:55:20','1990-12-10 07:26:23'),(15,'beatae','2002-06-07 07:46:04','1996-06-28 00:54:31'),(16,'voluptatem','2003-10-11 08:36:34','1994-11-03 15:02:18'),(17,'placeat','1988-05-20 02:49:22','1995-07-19 01:34:45'),(18,'dolorem','2017-11-09 09:20:24','1990-05-12 08:36:36'),(19,'exercitationem','1989-02-21 22:22:32','1987-03-22 03:56:40'),(20,'quam','1982-03-30 01:43:34','2001-08-26 23:23:04');
/*!40000 ALTER TABLE `media_types` ENABLE KEYS */;
UNLOCK TABLES;

--
-- Table structure for table `messages`
--

DROP TABLE IF EXISTS `messages`;
/*!40101 SET @saved_cs_client     = @@character_set_client */;
/*!40101 SET character_set_client = utf8 */;
CREATE TABLE `messages` (
  `id` bigint(20) unsigned NOT NULL AUTO_INCREMENT,
  `from_user_id` bigint(20) unsigned NOT NULL,
  `to_user_id` bigint(20) unsigned NOT NULL,
  `body` text COLLATE utf8_unicode_ci,
  `created_at` datetime DEFAULT CURRENT_TIMESTAMP,
  PRIMARY KEY (`id`),
  KEY `messages_from_user_id` (`from_user_id`),
  KEY `messages_to_user_id` (`to_user_id`),
  CONSTRAINT `messages_ibfk_1` FOREIGN KEY (`from_user_id`) REFERENCES `users` (`id`),
  CONSTRAINT `messages_ibfk_2` FOREIGN KEY (`to_user_id`) REFERENCES `users` (`id`)
) ENGINE=InnoDB AUTO_INCREMENT=101 DEFAULT CHARSET=utf8 COLLATE=utf8_unicode_ci;
/*!40101 SET character_set_client = @saved_cs_client */;

--
-- Dumping data for table `messages`
--

LOCK TABLES `messages` WRITE;
/*!40000 ALTER TABLE `messages` DISABLE KEYS */;
INSERT INTO `messages` VALUES (1,100,1,'Occaecati inventore voluptas id magni et nobis. Recusandae quam odio iusto magni. Voluptatem accusamus consequatur aut odio. Natus sequi quae quaerat vitae vel incidunt dolor.','2000-03-17 11:37:18'),(2,99,2,'Et aperiam aliquid odit et. Corporis id quibusdam rem error expedita et quam dignissimos. Deleniti id suscipit adipisci quam non.','1986-06-15 22:15:40'),(3,98,3,'Quaerat est laboriosam omnis animi. Iste ea adipisci assumenda possimus. Accusantium illum expedita ut earum magnam ea nisi.','1984-01-19 13:00:53'),(4,97,4,'Tenetur aspernatur maiores beatae deleniti quia. Officiis numquam fugit enim delectus. Quasi eos ut ut. Similique dignissimos quas sed vero aliquid consequatur repellat debitis.','1996-02-06 00:34:43'),(5,96,5,'Alias omnis sed ab quam eum dolorem. Ipsam ratione accusantium molestiae porro in tenetur. Et omnis aut occaecati reiciendis quia qui quo suscipit. Molestiae praesentium libero impedit minus asperiores.','1999-08-15 08:28:04'),(6,95,6,'Incidunt laboriosam quidem commodi mollitia et. Dolores quos minus ipsam aut veniam. Et ea cumque atque eligendi ullam alias.','1991-03-04 06:19:55'),(7,94,7,'Veniam rerum inventore aut veniam accusamus temporibus. Id placeat suscipit ea est enim molestiae quis. Debitis ut non libero nemo quod. Odit velit officia aut illo.','1985-09-10 21:16:53'),(8,93,8,'Asperiores aut libero in sint eos sed aliquid. Quo ea dolorum exercitationem nobis repellendus dolorem delectus. Doloribus sapiente tempore inventore dolore accusantium. Perferendis aspernatur perferendis corporis perspiciatis voluptatem.','1975-04-25 04:17:30'),(9,92,9,'Eius harum cupiditate numquam sed hic et facere. Incidunt similique laudantium nobis tenetur aperiam et porro. Occaecati esse sed voluptatem repudiandae necessitatibus et voluptatem aut.','1993-12-22 06:38:02'),(10,91,10,'Voluptates consequatur veniam cum sunt ut cumque. Nihil iure ullam consequatur ducimus. Rerum cum quos adipisci illo modi a. Qui reiciendis in ut facilis.','1971-06-09 18:07:03'),(11,90,11,'Consequuntur maxime ipsa ut ut labore soluta vitae adipisci. Harum eum maiores dolorem consequatur tempora voluptatum. Sunt at expedita mollitia maiores et eum quis. Occaecati repellendus corporis minus cumque qui.','2011-10-26 03:18:54'),(12,89,12,'Quas cupiditate in aut in quae. Ad qui necessitatibus odio. Aspernatur inventore amet nulla animi ea aliquid vel placeat. Repellendus et quo et commodi vero dolores et cum. Nulla quis consectetur consequatur quis dolore.','1989-07-23 07:39:29'),(13,88,13,'Quasi consequatur itaque aperiam id nemo. Ipsa cumque voluptatum quia ab. Perspiciatis eius pariatur dolor praesentium. Maxime dolor reiciendis non dolor nemo corrupti saepe eveniet.','1988-08-20 14:56:52'),(14,87,14,'Repellat distinctio dignissimos voluptatem quia ut magnam. Distinctio aut expedita deserunt. Beatae cumque qui illo.','1992-01-03 22:29:00'),(15,86,15,'Accusamus rerum qui et. Repellat ipsa molestiae quis maxime placeat itaque.','1986-02-06 15:50:15'),(16,85,16,'Consequatur ad sequi et. Quis quis officiis nihil quo et.','2016-09-27 07:05:19'),(17,84,17,'Velit iusto debitis in corporis eveniet id adipisci. Dolorum soluta nam officiis aspernatur omnis recusandae. Voluptatem doloribus vitae temporibus minus dolor consequatur.','1974-02-06 10:48:03'),(18,83,18,'Molestiae sed nisi est. Eum dicta quod dolores dolorum voluptas alias voluptatem. Blanditiis ut est ipsam. Commodi et rerum quo autem ipsam vitae accusantium.','1994-09-11 15:55:51'),(19,82,19,'Mollitia in esse expedita quis et aut eos. Ipsam facere assumenda ut neque quia. Ut in dolore voluptatem et aut voluptatem ab.','1993-09-06 14:02:39'),(20,81,20,'Iure qui ut libero impedit qui nesciunt. Minima fugit impedit odit dolore nobis. Et nostrum qui deleniti est et et iusto. Dolorem perferendis numquam dolorem consequuntur.','1988-08-19 22:12:55'),(21,80,21,'Et ab nam atque sint ut. Aut quia libero animi quo. Exercitationem et et iure vitae hic ex aut. Tempora occaecati architecto temporibus voluptatibus possimus quia omnis temporibus. Soluta animi rerum a corporis dolorum.','1977-03-17 01:07:56'),(22,79,22,'Aut eveniet nemo ea totam adipisci hic minima sunt. Dolore assumenda est quas tempora et sapiente. Velit consequatur fuga tempora sint dolorum ut.','1976-06-01 11:40:16'),(23,78,23,'Quod voluptatum fugiat natus perferendis in. Laborum voluptatum quibusdam libero sit voluptatem sequi aspernatur. Velit repudiandae aspernatur magni aut aut. Modi mollitia et ea nihil. Fugit corrupti ut odit.','1979-08-12 02:38:10'),(24,77,24,'Labore architecto quod facere est quisquam aut ut. Dolores cupiditate odio ipsum in perspiciatis. Reiciendis suscipit consectetur assumenda sed dolor rerum.','1994-01-30 19:29:53'),(25,76,25,'Quaerat iste accusamus totam ex. Deleniti recusandae delectus minus veritatis. Veritatis est labore quis minima ea ea et et.','2006-08-20 06:28:25'),(26,75,26,'Tenetur veniam nesciunt optio corporis alias laborum. Repudiandae magnam ipsum et eius praesentium accusantium. Pariatur aut aut dicta iusto quos labore consequatur natus. Sed dicta accusamus architecto inventore excepturi et.','1996-12-27 16:57:49'),(27,74,27,'Et vero et aut sint. Dolorum deserunt porro illum consectetur vel. In atque ducimus exercitationem corrupti. Velit magnam aliquam impedit et laudantium sed occaecati.','1991-04-09 22:09:21'),(28,73,28,'Nobis accusamus dolor doloribus cupiditate dolores alias. Animi quo velit possimus natus nihil voluptatum. Non modi quisquam inventore eligendi a eum provident.','2016-03-13 01:58:55'),(29,72,29,'Voluptatem minus consequuntur aut ab est est. Ab nihil ullam non saepe. Dignissimos voluptatem doloribus repellendus molestias recusandae porro qui maxime.','1974-06-29 14:36:11'),(30,71,30,'Quibusdam in aliquid quo nemo deserunt voluptas. Magni dolor quisquam quibusdam repudiandae. Provident vel cupiditate animi culpa officiis. Sint vel autem dicta eos.','2016-06-21 17:28:23'),(31,70,31,'Officia sunt quaerat deleniti odit voluptate commodi. Qui accusantium aliquam porro nam doloremque consectetur. Autem fugiat quam ratione autem magnam.','1986-02-14 03:08:01'),(32,69,32,'Sit et repellat tempore exercitationem excepturi labore nobis odit. Voluptatem ut quo tempore dolorem velit voluptatem. Aut et qui temporibus vero labore cupiditate a reiciendis.','1978-01-10 17:54:15'),(33,68,33,'Natus et facere error soluta necessitatibus officiis earum. Ullam vel a delectus doloribus minus vitae culpa.','1978-05-15 16:46:34'),(34,67,34,'Enim quasi veniam consequatur nihil. Optio hic ipsam qui ad officiis et enim. Architecto in quas eius et consequatur. Et non voluptatem suscipit laborum sint reprehenderit fugit.','2011-12-28 01:01:59'),(35,66,35,'Perspiciatis omnis sit facilis et. Est id totam reiciendis rerum occaecati tenetur. Dolores ipsa repellendus voluptates laborum sed sed. Velit nam itaque doloribus et doloribus.','2005-06-16 15:45:28'),(36,65,36,'Omnis assumenda expedita ut aut quasi quam. Et eos et voluptas consectetur eveniet aliquam facilis. Dolor commodi eum sit voluptas aut odio. Illo corporis quis facere voluptatem deleniti quas quia.','1981-02-20 19:48:12'),(37,64,37,'Iste consequuntur aut sit necessitatibus. Quia cum laboriosam eos. Error ipsum ex rerum sed. Corporis consequatur quas accusamus iste et.','2015-11-09 07:37:28'),(38,63,38,'Quasi voluptatem laudantium necessitatibus mollitia ut eveniet. Excepturi alias esse est et. A aut autem debitis ut ex. Dolorem sint minus dolores optio est. Reiciendis repudiandae sequi cum porro quam culpa.','1982-11-30 17:26:16'),(39,62,39,'Et praesentium provident ratione velit nostrum sed nisi. Sit rerum et quod sapiente dicta dolorem aspernatur voluptate. Sequi provident sunt excepturi eum. Repellat laborum quia tempore est similique nihil non.','2009-08-07 22:26:10'),(40,61,40,'Repellendus delectus dolores dolorem ea quisquam et et. Quaerat odit error ut voluptatem facere voluptatum porro. Provident maxime voluptatibus autem reiciendis voluptates accusamus dolore. Quisquam ratione eum mollitia commodi odio. Pariatur nostrum autem et enim culpa.','1981-09-18 17:57:10'),(41,60,41,'Consequatur fuga voluptatem rerum itaque. Dolorum quis vitae sed quia.','1983-10-22 00:34:07'),(42,59,42,'Deserunt distinctio est ex expedita aliquam vel reiciendis. Corporis eos et et sint dolores eaque dicta et. Doloribus rerum et excepturi voluptatibus. Ea delectus et voluptatibus perferendis.','2003-02-09 05:20:09'),(43,58,43,'Quod rem quia illo similique dignissimos quis. Laudantium ipsa accusantium explicabo. Deleniti amet fugiat rerum voluptatem voluptatem est.','2019-12-19 07:09:41'),(44,57,44,'Unde et aut modi quo. Quo dolorem corporis animi in temporibus ullam nulla voluptas. Iusto eos adipisci et possimus eaque molestiae aliquam. Eius autem ducimus ut.','2017-08-15 03:24:22'),(45,56,45,'Itaque quia blanditiis qui non eos. Et vitae ipsa aliquam placeat. Aut eveniet quidem adipisci. Deleniti soluta molestiae et aperiam.','2003-04-13 15:19:42'),(46,55,46,'Omnis sint eum consequatur debitis est vitae. Maxime est nihil provident sapiente quibusdam. Veritatis accusamus ducimus autem.','2003-07-08 23:23:57'),(47,54,47,'Modi vitae unde occaecati. Deleniti non deserunt omnis quos. Architecto accusamus repellat ab laboriosam. Dolore nesciunt at velit voluptatem qui.','2012-09-19 18:12:25'),(48,53,48,'Possimus dolor harum neque saepe dignissimos. Voluptas omnis neque recusandae ea ab itaque vel. Eos maxime fuga ut. Ipsum enim iure pariatur quo.','1992-11-06 15:45:36'),(49,52,49,'Nobis natus incidunt molestiae qui temporibus. Voluptatem fugit repellendus quo in similique ut aut. Omnis et hic blanditiis laborum in. Qui nisi eos et dignissimos illo.','1975-05-17 00:04:41'),(50,51,50,'Tempora laboriosam sint voluptatem maiores qui vero reiciendis. Aut aut quia at pariatur. Nam veniam alias quia vel. Natus cumque molestias rerum laudantium.','2014-12-02 10:09:56'),(51,50,51,'Numquam et natus ea consequatur. Soluta et et veniam saepe dolorum non molestias. Unde officiis est tempora beatae.','1979-08-01 20:51:05'),(52,49,52,'Alias sed quidem praesentium nobis molestiae mollitia saepe. Molestias similique sed quisquam eaque et. Quae aut maxime mollitia. Suscipit nesciunt dolor dignissimos est nesciunt explicabo aliquam.','1974-11-26 12:15:35'),(53,48,53,'Consequuntur corporis est et est et et optio. Veritatis repellendus soluta nostrum delectus ratione odit.','2018-04-03 15:29:49'),(54,47,54,'Perferendis excepturi nostrum vitae repellendus nemo sint labore. Quia occaecati pariatur facere nesciunt architecto. Et molestiae provident velit accusantium. Vitae dolorem enim illum mollitia.','1983-06-03 21:56:44'),(55,46,55,'Sint esse est beatae atque sit consequatur. Est eveniet odio dolorum voluptatem libero. Illum mollitia in ipsam et eum distinctio voluptatum.','2010-11-27 20:23:31'),(56,45,56,'Est maiores cupiditate quisquam veniam ea. In excepturi voluptates sunt natus minima. Porro quae sed nemo consequatur debitis quia corporis.','2005-02-15 21:21:05'),(57,44,57,'Ratione nobis tenetur et ut quod consequatur. Natus ipsa id et ut. A ut voluptatem nulla.','2002-08-30 06:43:39'),(58,43,58,'Voluptatum voluptates inventore distinctio qui et ratione. Laborum itaque est aut aliquid dicta. Reiciendis et et recusandae.','1988-08-03 20:25:38'),(59,42,59,'Magni quia qui exercitationem ut in voluptas magni. Veniam sint alias velit. Suscipit corporis dolores minus ut. Quibusdam minus quia qui ea qui. Maxime quia quibusdam adipisci ut iusto excepturi.','2017-02-10 08:34:26'),(60,41,60,'Ipsa hic exercitationem cumque quas. Ullam nesciunt voluptatem sed hic sit. Et autem est incidunt et nesciunt nesciunt.','1988-07-13 20:06:08'),(61,40,61,'Dolorem qui nesciunt voluptas nihil nostrum omnis vero magni. Quia tenetur ex provident porro iusto aut. Commodi dolor repudiandae dolorum dolor. Non ut dolor a ad quaerat.','1977-08-25 16:59:53'),(62,39,62,'Accusamus alias accusantium expedita error tenetur nihil modi. Impedit eveniet dolores modi alias in. Praesentium qui est blanditiis sunt ut.','1979-04-22 13:58:24'),(63,38,63,'Ducimus ipsam aut enim voluptas aliquam vel aut. Quia deleniti laboriosam illo sed enim. Rerum laboriosam iusto voluptatibus autem sequi. Omnis magnam voluptatum facere quidem minima quod sequi.','1974-12-30 16:46:03'),(64,37,64,'Nulla saepe sunt ratione dicta in. Sit architecto cupiditate est at vero veritatis vel. Aut impedit dolores perferendis cupiditate excepturi consequatur voluptatem. Repellendus molestiae ex provident qui aliquid.','1996-10-08 23:34:53'),(65,36,65,'Alias officia labore explicabo. Maiores a eos labore. Eligendi qui vel tenetur excepturi expedita minus voluptates.','1999-04-16 22:16:44'),(66,35,66,'Quo ut enim possimus laboriosam. Enim quo autem aut quia quo et. Accusamus quidem non neque odio hic voluptas rem.','2010-03-05 05:03:11'),(67,34,67,'Saepe aut molestiae id tenetur. Dolore ut nihil nemo ut aut quaerat. Eligendi rem ab enim eos itaque. Non accusantium a ut rem aliquid tempore.','2016-10-31 17:06:42'),(68,33,68,'Sit nihil et temporibus ex vel consequuntur pariatur officiis. Magnam accusantium dolor dolorum eius. Voluptates doloremque animi ipsam eum. Dignissimos sint ut nobis est ratione soluta.','1971-01-16 22:23:31'),(69,32,69,'Voluptas hic vitae ipsa accusamus quasi eum. Et ut iure doloremque voluptates exercitationem odit. Qui qui est incidunt. Corporis debitis porro minus.','1975-06-06 00:14:18'),(70,31,70,'Sunt hic nam accusantium reprehenderit. Aut est ea non. Mollitia reiciendis similique dolor temporibus vel sit sunt tenetur. Eos expedita dolorem fuga deserunt alias.','1985-07-24 02:50:19'),(71,30,71,'Impedit consequatur sint magnam consequatur est. Non quod laborum eaque repudiandae unde aliquid. Commodi et sint dignissimos maxime soluta rerum beatae. Quia expedita accusantium est rem ut ea est.','1975-01-28 23:42:34'),(72,29,72,'Omnis labore odio officiis repellendus. Occaecati voluptas et dicta et officiis. Quos eligendi quis doloribus reprehenderit. Nobis cumque placeat quia molestiae.','1978-03-26 00:01:54'),(73,28,73,'Tempora expedita magnam facere temporibus quo. Ut eius molestias laudantium aspernatur. Voluptatem eveniet ipsum suscipit nemo nam est.','2000-01-19 08:34:26'),(74,27,74,'In dolor quia accusamus ullam quaerat. Quos voluptatibus nihil consequuntur provident facilis.','2004-12-25 03:27:53'),(75,26,75,'Labore illum eum sit quia eligendi autem. Itaque voluptatibus reprehenderit quidem sit. Deserunt quo sed qui aut quia non aspernatur.','2001-11-24 13:45:25'),(76,25,76,'Est ullam maxime rerum. Atque aperiam corrupti nulla debitis id deserunt magni. Ea reprehenderit ipsam laborum nihil velit et. Quis dignissimos id aut ab aperiam ut ipsam.','1998-10-21 07:27:30'),(77,24,77,'Hic cupiditate adipisci et autem et voluptatem aut. Officiis ut eos qui impedit nam ut et. Non et harum non ipsam possimus praesentium. Dolor omnis quia officiis voluptate unde facere.','2018-05-04 00:16:31'),(78,23,78,'Corporis quam nobis aut odio voluptatibus sed. Laudantium occaecati similique deleniti beatae exercitationem molestiae vero. Quibusdam accusantium fuga facilis eveniet sint. Aut fuga sed non ipsum molestias omnis. Quae consectetur eligendi est veniam.','1982-07-12 08:23:20'),(79,22,79,'Ea non ad nisi eveniet optio excepturi. Aspernatur consequatur nam perspiciatis consequatur eligendi omnis. Suscipit aut quia voluptate dignissimos animi dolor ea. Doloribus eum maiores expedita doloremque et est.','1976-10-02 14:12:10'),(80,21,80,'Id quidem ad alias dolorem id temporibus tenetur. Fugiat quibusdam aut soluta in. In nihil eos placeat et quia.','2013-07-07 12:32:30'),(81,20,81,'Temporibus nihil rerum iure delectus eaque doloremque. Et aut temporibus ut saepe assumenda. Et perspiciatis beatae vero voluptates laboriosam accusantium sed magnam. Maxime iste in voluptas maiores non.','1971-10-01 08:54:21'),(82,19,82,'Repellendus quaerat harum possimus dolor. Sequi quisquam excepturi quod labore sed odit. Amet illum consequatur sapiente non in. Aut et magnam deleniti facere.','2000-04-28 08:29:54'),(83,18,83,'Et consequatur velit ipsum consequatur voluptatibus voluptas. Dolorem ea possimus nobis laboriosam a possimus. Nam aut corrupti est saepe deleniti et magni porro. Ut quo ut in numquam repudiandae.','2003-07-12 14:42:06'),(84,17,84,'Laboriosam nihil aut tenetur animi eos autem. Quo aut fuga nam impedit magni libero. Ea nesciunt voluptatibus autem cum distinctio rerum ab. Quia et repudiandae quia dolor asperiores et et.','1981-03-19 19:05:30'),(85,16,85,'Vel delectus aut quo repellendus perspiciatis animi dolorum. Quisquam quia qui ex neque tenetur. Et blanditiis nostrum ut quia.','2015-04-08 05:53:33'),(86,15,86,'Nostrum inventore inventore cum saepe. Ut corporis modi praesentium molestias perspiciatis facere nulla. Nihil veritatis voluptatem omnis repellendus.','1977-03-18 19:32:39'),(87,14,87,'Exercitationem cum facilis et quia ab omnis harum. Nulla consequatur excepturi ut enim qui neque ipsa. Ut nesciunt labore perferendis eveniet omnis expedita quis animi. Eum laboriosam soluta repudiandae id earum.','2013-09-21 23:55:43'),(88,13,88,'Nobis ipsum odio vero tenetur. Incidunt enim explicabo quae voluptate. Explicabo architecto necessitatibus quidem quis sed eum ipsum. Voluptatem nam repellat eius tempore dolorem illum aperiam earum.','1988-01-21 21:46:29'),(89,12,89,'Et optio numquam aut id distinctio laudantium qui. Aperiam repellendus eum consequatur. Minima ea quas reiciendis consectetur temporibus voluptate id illo.','1998-08-21 00:15:20'),(90,11,90,'Harum quia sit blanditiis accusamus. Sint quae sunt sequi dolorem. Eos facilis quo labore facilis.','1986-08-25 08:34:53'),(91,10,91,'Earum eum voluptatum sed veniam. Inventore a est minima ut consequatur est architecto. Quia et tempore expedita tenetur ab. Architecto alias veritatis qui temporibus voluptate.','2014-07-02 09:49:21'),(92,9,92,'Facilis laudantium qui qui facilis aliquid dicta. Et et reprehenderit est sint. Nulla iusto earum similique facere et iste illum nobis.','2010-09-06 23:25:33'),(93,8,93,'Quos ex velit distinctio quasi. Eaque ex incidunt dolores aut. Voluptate dolorum aut in doloremque ipsa. Adipisci fuga non libero aliquam.','2010-08-15 12:46:53'),(94,7,94,'Voluptatibus laudantium expedita est sint deleniti hic. Ut tempora numquam placeat aut. Magni placeat voluptates soluta deserunt saepe eligendi. Provident autem et itaque excepturi harum cumque.','1971-12-09 00:50:20'),(95,6,95,'Ut aliquid nesciunt quidem dicta. Vitae omnis dolore consectetur tempora at. Quasi animi sed quia.','2002-03-15 02:54:00'),(96,5,96,'Quis quia perspiciatis vitae aut quos voluptatum dignissimos. Eveniet necessitatibus sit esse voluptatem et quos.','2004-11-30 15:38:40'),(97,4,97,'Aut eligendi dolores officia et. Nesciunt in ut error delectus autem. Nemo quisquam est suscipit cumque rerum eos non.','2006-05-24 20:12:08'),(98,3,98,'Culpa ipsum qui recusandae ea et. Atque quo ullam voluptates nulla. Dolores id quis qui. Ut expedita est quo ut quisquam.','1989-10-27 23:45:30'),(99,2,99,'Aut eveniet esse distinctio odio voluptatum aut rerum cum. Nemo aut numquam quia quam debitis animi autem. Dolor enim quos id est et sint facilis voluptatum.','1998-06-09 15:02:15'),(100,1,100,'Consequatur est maiores ducimus asperiores rerum cumque dolorem quam. Perspiciatis dignissimos possimus perspiciatis pariatur quibusdam modi. Magnam repellendus architecto reprehenderit vero autem.','1982-02-22 07:56:30');
/*!40000 ALTER TABLE `messages` ENABLE KEYS */;
UNLOCK TABLES;

--
-- Table structure for table `monitor_list`
--

DROP TABLE IF EXISTS `monitor_list`;
/*!40101 SET @saved_cs_client     = @@character_set_client */;
/*!40101 SET character_set_client = utf8 */;
CREATE TABLE `monitor_list` (
  `id` bigint(20) unsigned NOT NULL AUTO_INCREMENT,
  `user_id` bigint(20) unsigned NOT NULL,
  `media_id` bigint(20) unsigned DEFAULT NULL,
  `created_at` datetime DEFAULT CURRENT_TIMESTAMP,
  `updated_at` datetime DEFAULT CURRENT_TIMESTAMP ON UPDATE CURRENT_TIMESTAMP,
  PRIMARY KEY (`id`),
  KEY `user_id` (`user_id`),
  KEY `media_id` (`media_id`),
  CONSTRAINT `monitor_list_ibfk_1` FOREIGN KEY (`user_id`) REFERENCES `users` (`id`),
  CONSTRAINT `monitor_list_ibfk_2` FOREIGN KEY (`media_id`) REFERENCES `media` (`id`)
) ENGINE=InnoDB AUTO_INCREMENT=101 DEFAULT CHARSET=utf8 COLLATE=utf8_unicode_ci;
/*!40101 SET character_set_client = @saved_cs_client */;

--
-- Dumping data for table `monitor_list`
--

LOCK TABLES `monitor_list` WRITE;
/*!40000 ALTER TABLE `monitor_list` DISABLE KEYS */;
INSERT INTO `monitor_list` VALUES (1,1,1,'1989-09-28 23:24:52','2005-07-15 04:31:13'),(2,2,2,'1981-03-12 17:40:10','1987-03-03 23:19:50'),(3,3,3,'2018-09-07 05:21:03','2018-02-08 19:12:07'),(4,4,4,'2014-04-14 12:29:11','1978-11-21 01:26:22'),(5,5,5,'2004-01-25 06:18:11','2018-01-19 04:33:59'),(6,6,6,'1985-08-19 04:25:27','2004-07-21 21:48:23'),(7,7,7,'1997-12-09 10:25:50','1980-10-28 20:18:01'),(8,8,8,'1979-03-19 05:25:33','2002-11-03 15:16:44'),(9,9,9,'2011-12-30 09:25:51','1972-02-14 15:12:43'),(10,10,10,'1988-12-14 02:44:01','1976-09-16 23:31:08'),(11,11,11,'2019-04-23 22:08:39','2014-05-19 05:14:11'),(12,12,12,'1985-09-15 23:44:17','1995-04-25 18:24:20'),(13,13,13,'2009-04-12 15:23:58','1989-05-09 20:32:00'),(14,14,14,'2007-04-13 00:40:05','1982-07-30 11:07:04'),(15,15,15,'2011-08-21 12:20:38','1982-12-24 04:47:52'),(16,16,16,'2006-12-17 13:05:31','1998-05-11 00:24:01'),(17,17,17,'1982-06-17 04:10:53','1975-03-05 07:59:40'),(18,18,18,'1996-03-13 19:22:31','2009-07-06 10:40:28'),(19,19,19,'1981-08-07 16:25:05','1972-02-16 05:26:40'),(20,20,20,'2019-08-17 21:28:23','2012-10-12 20:00:09'),(21,21,21,'1988-08-02 18:58:15','2006-01-01 00:39:36'),(22,22,22,'1997-05-17 20:13:15','1990-02-04 05:28:29'),(23,23,23,'1990-03-06 18:08:45','1993-05-31 05:45:31'),(24,24,24,'1997-09-04 12:08:27','1974-03-17 09:41:55'),(25,25,25,'2010-03-04 17:30:31','1974-09-10 15:29:05'),(26,26,26,'2009-10-26 05:48:45','2001-07-30 04:33:59'),(27,27,27,'1984-11-19 11:53:40','2001-08-22 14:19:02'),(28,28,28,'1987-11-04 05:43:27','1984-11-24 14:20:54'),(29,29,29,'1970-01-11 16:42:06','2008-07-12 02:31:51'),(30,30,30,'2006-03-16 09:06:14','2012-04-05 12:29:45'),(31,31,31,'1971-04-14 17:37:26','1978-11-06 19:43:26'),(32,32,32,'2010-04-22 10:06:34','1974-05-09 03:27:59'),(33,33,33,'1977-09-12 20:40:51','1987-03-01 21:21:15'),(34,34,34,'1997-05-01 04:34:46','2004-08-15 06:26:15'),(35,35,35,'2019-10-26 11:40:10','1978-06-05 20:46:04'),(36,36,36,'2012-11-10 02:07:37','1980-08-21 20:28:22'),(37,37,37,'2001-07-21 15:47:02','2012-09-07 15:07:19'),(38,38,38,'2013-06-01 10:19:56','1984-05-03 09:01:39'),(39,39,39,'1976-06-09 11:25:18','1976-12-23 11:32:26'),(40,40,40,'2005-11-13 16:38:31','1983-01-09 18:52:58'),(41,41,41,'1987-12-18 17:49:27','1979-10-25 15:56:47'),(42,42,42,'1983-12-18 23:54:08','2000-10-19 04:43:07'),(43,43,43,'2009-07-07 16:12:09','1990-01-07 10:10:15'),(44,44,44,'1994-10-11 08:17:17','1991-04-09 15:23:21'),(45,45,45,'2011-04-23 17:23:34','1970-05-31 15:44:34'),(46,46,46,'1979-05-20 22:13:59','1970-04-22 08:08:04'),(47,47,47,'2012-06-20 22:54:52','1996-02-27 08:09:22'),(48,48,48,'1988-01-06 08:25:51','2008-05-27 21:08:23'),(49,49,49,'2011-12-31 20:05:24','1993-10-17 14:35:02'),(50,50,50,'1980-01-04 08:47:42','1973-08-19 02:25:15'),(51,51,51,'2016-11-22 14:03:22','1994-06-14 10:58:21'),(52,52,52,'2006-03-07 12:29:13','2019-04-18 02:20:07'),(53,53,53,'1977-09-29 03:06:52','2013-10-21 03:50:54'),(54,54,54,'2012-01-29 07:36:48','1970-04-17 11:11:01'),(55,55,55,'1982-10-17 12:16:50','2019-07-26 10:09:24'),(56,56,56,'2001-12-23 16:56:05','2007-06-13 22:16:21'),(57,57,57,'1973-04-06 01:03:05','1995-03-31 13:41:28'),(58,58,58,'1995-03-01 08:05:21','1998-03-10 03:06:41'),(59,59,59,'2007-06-11 02:21:44','1975-06-26 07:45:26'),(60,60,60,'2018-05-02 23:21:40','2006-07-24 06:57:49'),(61,61,61,'1982-11-26 03:03:57','1993-06-24 18:12:22'),(62,62,62,'2013-02-16 17:33:22','1991-10-24 15:26:52'),(63,63,63,'1973-12-31 00:09:02','1971-01-29 07:58:34'),(64,64,64,'1971-12-05 19:31:24','2019-06-11 22:19:50'),(65,65,65,'2001-12-21 14:17:43','1995-12-06 02:10:03'),(66,66,66,'2003-05-23 17:15:10','1993-12-19 17:11:16'),(67,67,67,'2002-12-28 17:33:58','1971-06-25 15:40:13'),(68,68,68,'2002-10-09 00:29:12','1970-12-08 07:09:36'),(69,69,69,'1998-01-01 01:47:18','1987-02-19 15:43:01'),(70,70,70,'2004-06-01 10:04:04','2011-01-31 04:45:56'),(71,71,71,'1996-06-29 06:43:22','2016-02-18 23:33:15'),(72,72,72,'1986-02-02 12:23:40','2005-06-29 07:52:54'),(73,73,73,'1974-09-17 03:12:58','1975-12-28 03:28:41'),(74,74,74,'2009-12-29 02:55:52','1971-03-24 22:22:31'),(75,75,75,'1996-02-08 15:17:25','2011-04-23 14:30:18'),(76,76,76,'1992-04-01 19:34:53','1984-11-22 03:13:58'),(77,77,77,'1980-03-18 11:09:27','1992-11-18 08:47:41'),(78,78,78,'1995-03-03 04:50:21','1985-01-18 11:30:16'),(79,79,79,'1995-03-17 10:33:49','2012-11-13 13:30:40'),(80,80,80,'1973-04-14 13:44:21','1994-06-27 20:52:59'),(81,81,81,'2000-07-28 10:18:50','1991-01-17 21:52:51'),(82,82,82,'2001-01-14 19:08:39','1973-08-29 20:16:56'),(83,83,83,'2009-05-26 03:08:47','2012-08-27 01:56:02'),(84,84,84,'1988-01-04 06:46:10','2006-08-30 00:37:08'),(85,85,85,'1981-04-02 06:42:09','1994-07-04 11:03:45'),(86,86,86,'1999-07-27 07:55:24','1999-09-09 04:15:56'),(87,87,87,'1983-12-25 03:00:19','1981-09-01 18:59:35'),(88,88,88,'1991-08-05 22:16:49','2007-08-31 02:08:41'),(89,89,89,'2013-11-30 02:01:44','2017-02-26 15:30:36'),(90,90,90,'1979-05-15 21:14:06','1987-02-05 06:45:54'),(91,91,91,'1970-01-31 04:49:29','1987-02-28 03:16:25'),(92,92,92,'1981-07-06 07:14:15','1988-12-16 20:30:51'),(93,93,93,'1993-06-16 09:00:47','1994-08-21 08:01:54'),(94,94,94,'1982-02-17 20:34:16','1990-06-19 04:00:05'),(95,95,95,'1977-04-24 01:41:47','1971-01-13 15:15:45'),(96,96,96,'1984-11-21 03:13:11','1982-03-11 03:47:16'),(97,97,97,'2008-04-14 01:20:24','2000-03-14 09:10:41'),(98,98,98,'2009-12-10 13:12:00','1987-01-19 14:12:34'),(99,99,99,'1974-06-27 16:00:32','1979-03-18 21:58:27'),(100,100,100,'2012-12-13 19:05:01','1970-03-01 16:33:14');
/*!40000 ALTER TABLE `monitor_list` ENABLE KEYS */;
UNLOCK TABLES;

--
-- Table structure for table `photo_albums`
--

DROP TABLE IF EXISTS `photo_albums`;
/*!40101 SET @saved_cs_client     = @@character_set_client */;
/*!40101 SET character_set_client = utf8 */;
CREATE TABLE `photo_albums` (
  `id` bigint(20) unsigned NOT NULL AUTO_INCREMENT,
  `name` varchar(255) COLLATE utf8_unicode_ci DEFAULT NULL,
  `user_id` bigint(20) unsigned DEFAULT NULL,
  PRIMARY KEY (`id`),
  UNIQUE KEY `id` (`id`),
  KEY `user_id` (`user_id`),
  CONSTRAINT `photo_albums_ibfk_1` FOREIGN KEY (`user_id`) REFERENCES `users` (`id`)
) ENGINE=InnoDB AUTO_INCREMENT=101 DEFAULT CHARSET=utf8 COLLATE=utf8_unicode_ci;
/*!40101 SET character_set_client = @saved_cs_client */;

--
-- Dumping data for table `photo_albums`
--

LOCK TABLES `photo_albums` WRITE;
/*!40000 ALTER TABLE `photo_albums` DISABLE KEYS */;
INSERT INTO `photo_albums` VALUES (1,'quae',1),(2,'voluptates',2),(3,'saepe',3),(4,'quam',4),(5,'consequatur',5),(6,'cupiditate',6),(7,'quod',7),(8,'ipsum',8),(9,'repellendus',9),(10,'dolorem',10),(11,'ex',11),(12,'doloribus',12),(13,'quas',13),(14,'id',14),(15,'officia',15),(16,'similique',16),(17,'in',17),(18,'quam',18),(19,'ut',19),(20,'expedita',20),(21,'odio',21),(22,'culpa',22),(23,'voluptatum',23),(24,'nesciunt',24),(25,'exercitationem',25),(26,'quia',26),(27,'deleniti',27),(28,'est',28),(29,'eveniet',29),(30,'fugiat',30),(31,'qui',31),(32,'rerum',32),(33,'facere',33),(34,'maiores',34),(35,'consectetur',35),(36,'quaerat',36),(37,'est',37),(38,'non',38),(39,'voluptatem',39),(40,'assumenda',40),(41,'et',41),(42,'et',42),(43,'est',43),(44,'est',44),(45,'eum',45),(46,'consequuntur',46),(47,'ipsum',47),(48,'recusandae',48),(49,'velit',49),(50,'necessitatibus',50),(51,'quia',51),(52,'necessitatibus',52),(53,'in',53),(54,'modi',54),(55,'assumenda',55),(56,'at',56),(57,'omnis',57),(58,'facilis',58),(59,'aut',59),(60,'ipsum',60),(61,'facere',61),(62,'ut',62),(63,'blanditiis',63),(64,'sapiente',64),(65,'sint',65),(66,'iste',66),(67,'ipsa',67),(68,'numquam',68),(69,'iste',69),(70,'iste',70),(71,'aut',71),(72,'vitae',72),(73,'molestiae',73),(74,'dicta',74),(75,'delectus',75),(76,'dolore',76),(77,'aut',77),(78,'omnis',78),(79,'nobis',79),(80,'odio',80),(81,'ratione',81),(82,'eos',82),(83,'non',83),(84,'odio',84),(85,'quasi',85),(86,'ex',86),(87,'nemo',87),(88,'ad',88),(89,'in',89),(90,'ut',90),(91,'hic',91),(92,'possimus',92),(93,'sunt',93),(94,'unde',94),(95,'aut',95),(96,'quia',96),(97,'deserunt',97),(98,'adipisci',98),(99,'asperiores',99),(100,'id',100);
/*!40000 ALTER TABLE `photo_albums` ENABLE KEYS */;
UNLOCK TABLES;

--
-- Table structure for table `photos`
--

DROP TABLE IF EXISTS `photos`;
/*!40101 SET @saved_cs_client     = @@character_set_client */;
/*!40101 SET character_set_client = utf8 */;
CREATE TABLE `photos` (
  `id` bigint(20) unsigned NOT NULL AUTO_INCREMENT,
  `album_id` bigint(20) unsigned NOT NULL,
  `media_id` bigint(20) unsigned NOT NULL,
  PRIMARY KEY (`id`),
  KEY `album_id` (`album_id`),
  KEY `media_id` (`media_id`),
  CONSTRAINT `photos_ibfk_1` FOREIGN KEY (`album_id`) REFERENCES `photo_albums` (`id`),
  CONSTRAINT `photos_ibfk_2` FOREIGN KEY (`media_id`) REFERENCES `media` (`id`)
) ENGINE=InnoDB AUTO_INCREMENT=101 DEFAULT CHARSET=utf8 COLLATE=utf8_unicode_ci;
/*!40101 SET character_set_client = @saved_cs_client */;

--
-- Dumping data for table `photos`
--

LOCK TABLES `photos` WRITE;
/*!40000 ALTER TABLE `photos` DISABLE KEYS */;
INSERT INTO `photos` VALUES (1,1,1),(2,2,2),(3,3,3),(4,4,4),(5,5,5),(6,6,6),(7,7,7),(8,8,8),(9,9,9),(10,10,10),(11,11,11),(12,12,12),(13,13,13),(14,14,14),(15,15,15),(16,16,16),(17,17,17),(18,18,18),(19,19,19),(20,20,20),(21,21,21),(22,22,22),(23,23,23),(24,24,24),(25,25,25),(26,26,26),(27,27,27),(28,28,28),(29,29,29),(30,30,30),(31,31,31),(32,32,32),(33,33,33),(34,34,34),(35,35,35),(36,36,36),(37,37,37),(38,38,38),(39,39,39),(40,40,40),(41,41,41),(42,42,42),(43,43,43),(44,44,44),(45,45,45),(46,46,46),(47,47,47),(48,48,48),(49,49,49),(50,50,50),(51,51,51),(52,52,52),(53,53,53),(54,54,54),(55,55,55),(56,56,56),(57,57,57),(58,58,58),(59,59,59),(60,60,60),(61,61,61),(62,62,62),(63,63,63),(64,64,64),(65,65,65),(66,66,66),(67,67,67),(68,68,68),(69,69,69),(70,70,70),(71,71,71),(72,72,72),(73,73,73),(74,74,74),(75,75,75),(76,76,76),(77,77,77),(78,78,78),(79,79,79),(80,80,80),(81,81,81),(82,82,82),(83,83,83),(84,84,84),(85,85,85),(86,86,86),(87,87,87),(88,88,88),(89,89,89),(90,90,90),(91,91,91),(92,92,92),(93,93,93),(94,94,94),(95,95,95),(96,96,96),(97,97,97),(98,98,98),(99,99,99),(100,100,100);
/*!40000 ALTER TABLE `photos` ENABLE KEYS */;
UNLOCK TABLES;

--
-- Table structure for table `profiles`
--

DROP TABLE IF EXISTS `profiles`;
/*!40101 SET @saved_cs_client     = @@character_set_client */;
/*!40101 SET character_set_client = utf8 */;
CREATE TABLE `profiles` (
  `user_id` bigint(20) unsigned NOT NULL AUTO_INCREMENT,
  `gender` char(1) COLLATE utf8_unicode_ci DEFAULT NULL,
  `birthday` date DEFAULT NULL,
  `photo_id` bigint(20) unsigned DEFAULT NULL,
  `created_at` datetime DEFAULT CURRENT_TIMESTAMP,
  `hometown` varchar(100) COLLATE utf8_unicode_ci DEFAULT NULL,
  PRIMARY KEY (`user_id`),
  CONSTRAINT `profiles_ibfk_1` FOREIGN KEY (`user_id`) REFERENCES `users` (`id`) ON UPDATE CASCADE
) ENGINE=InnoDB AUTO_INCREMENT=101 DEFAULT CHARSET=utf8 COLLATE=utf8_unicode_ci;
/*!40101 SET character_set_client = @saved_cs_client */;

--
-- Dumping data for table `profiles`
--

LOCK TABLES `profiles` WRITE;
/*!40000 ALTER TABLE `profiles` DISABLE KEYS */;
INSERT INTO `profiles` VALUES (1,'M','1989-07-22',1,'2004-05-27 17:25:24','Port Sunnymouth'),(2,'F','1990-01-06',2,'2011-12-13 00:37:56','Lake Roberta'),(3,'M','1997-11-28',3,'1975-11-16 23:27:29','Pourosview'),(4,'M','1993-03-25',4,'1995-01-19 13:43:55','East Davinhaven'),(5,'M','1995-04-14',5,'2017-06-29 16:22:45','New Rasheedville'),(6,'M','1999-10-26',6,'1984-01-08 23:10:39','Considinefurt'),(7,'F','2008-07-13',7,'2017-09-01 16:28:43','Kennethfurt'),(8,'F','2013-03-16',8,'1974-09-07 01:43:11','South Malcolmmouth'),(9,'F','2016-02-21',9,'1993-07-22 06:13:37','East Ottohaven'),(10,'M','2008-03-04',10,'1998-08-14 06:49:38','West Hubertville'),(11,'F','1987-03-11',11,'2003-08-17 14:03:30','Rauport'),(12,'M','1982-10-29',12,'1971-05-29 23:03:04','Blickport'),(13,'F','1975-12-29',13,'2006-08-02 11:17:21','Port Fredy'),(14,'F','2000-01-29',14,'1995-02-14 05:32:55','Keshawnport'),(15,'F','2019-11-21',15,'1988-04-21 11:01:28','Pollichport'),(16,'M','2015-09-17',16,'2008-06-18 21:35:05','Edmundchester'),(17,'F','1993-07-01',17,'1991-07-13 22:32:49','Delphineside'),(18,'F','1995-02-27',18,'2013-04-05 15:04:53','Dandreberg'),(19,'F','1976-03-14',19,'2009-06-22 06:52:03','Ryanfort'),(20,'F','1994-09-11',20,'2018-07-25 04:15:09','Dejaville'),(21,'M','1984-09-29',21,'2018-10-06 11:54:08','Juddhaven'),(22,'M','2014-12-06',22,'1996-04-27 22:17:52','East Gwenshire'),(23,'F','2006-04-06',23,'1983-12-12 23:04:16','New Reinaborough'),(24,'F','2018-11-28',24,'2011-01-20 21:41:36','Kulasstad'),(25,'M','1986-09-19',25,'1986-08-30 18:58:49','Omarifurt'),(26,'F','2015-12-30',26,'1978-07-26 22:54:58','Allyburgh'),(27,'M','1998-02-14',27,'1984-02-12 15:14:19','Blazeberg'),(28,'F','2011-01-08',28,'1979-08-31 17:42:40','Jakubowskimouth'),(29,'M','1995-12-28',29,'2015-09-30 01:16:20','Gersonmouth'),(30,'F','2000-07-31',30,'1998-09-20 11:32:22','West Ezequiel'),(31,'F','1989-10-03',31,'1991-12-18 18:34:20','Arvillaport'),(32,'F','1996-12-29',32,'1991-10-10 12:14:37','South Marcellafort'),(33,'M','1986-01-10',33,'1991-03-15 23:16:07','New Martine'),(34,'F','1992-08-08',34,'1971-08-28 15:51:01','Nakiachester'),(35,'M','2016-10-29',35,'1972-03-23 05:16:15','Lake Wilhelmine'),(36,'M','2011-11-30',36,'1972-06-08 01:19:23','North Earnestineside'),(37,'F','2013-03-06',37,'1993-09-19 17:49:35','East Claireberg'),(38,'M','1970-06-15',38,'2006-01-27 22:51:36','Legrosborough'),(39,'F','2003-04-20',39,'1996-09-12 07:11:18','South Martinabury'),(40,'M','1983-02-21',40,'2019-11-08 07:21:19','Laynestad'),(41,'M','2005-04-24',41,'1989-07-12 20:21:59','Ginostad'),(42,'F','2010-10-06',42,'1987-05-11 03:48:12','Saigeside'),(43,'F','2002-08-21',43,'2014-11-04 20:14:32','Romanview'),(44,'F','2016-08-29',44,'1994-01-06 07:23:18','New Rogeliofurt'),(45,'F','1981-12-01',45,'1990-04-25 11:31:44','Mertzville'),(46,'M','1988-11-29',46,'1975-06-03 19:34:28','New Lavern'),(47,'F','2004-07-28',47,'1990-10-06 00:35:48','Port Kylerport'),(48,'F','2000-06-01',48,'1971-11-29 15:28:08','North Ora'),(49,'F','2016-07-31',49,'2006-01-20 19:17:35','New Vidamouth'),(50,'M','1995-06-07',50,'1972-11-26 12:09:38','Lake Ernestoland'),(51,'F','1997-09-11',51,'1972-05-03 20:21:07','East Ryleemouth'),(52,'M','2016-11-16',52,'1991-12-25 07:52:45','Nakiaberg'),(53,'M','1997-08-08',53,'2000-01-01 03:52:30','Gerholdport'),(54,'F','1997-05-20',54,'2002-01-06 16:16:13','East Harveyville'),(55,'M','2018-01-08',55,'1997-01-12 11:01:33','Bergstromburgh'),(56,'M','2006-07-03',56,'1980-11-26 22:38:38','Luettgenview'),(57,'F','2013-09-18',57,'1979-04-30 10:07:33','New Jermainstad'),(58,'F','2014-05-30',58,'1990-01-01 21:28:23','Lake Aurore'),(59,'M','2004-07-31',59,'1977-05-11 19:17:34','Hammeschester'),(60,'M','1989-06-23',60,'1974-10-15 14:51:04','Ernserview'),(61,'F','1995-04-22',61,'1987-11-30 05:28:41','Lake Easton'),(62,'M','1979-12-11',62,'1987-08-14 23:39:16','East Kris'),(63,'M','1998-04-22',63,'1988-01-03 20:41:54','Gregoryside'),(64,'F','1974-09-04',64,'1970-07-08 12:24:30','West Lester'),(65,'F','2003-07-29',65,'2007-01-12 01:36:30','Adrianastad'),(66,'M','1997-01-26',66,'1993-07-24 08:45:21','Smithmouth'),(67,'F','2016-03-21',67,'2011-11-06 08:21:19','New Cordiemouth'),(68,'F','2015-07-04',68,'1972-10-28 11:38:51','Rahsaanland'),(69,'F','1977-10-01',69,'1977-08-03 13:52:43','Koelpinbury'),(70,'F','1972-07-18',70,'2005-04-23 04:20:32','Mayermouth'),(71,'F','1987-04-07',71,'1975-08-08 18:26:52','Wolffmouth'),(72,'F','1977-08-13',72,'1990-02-09 15:27:42','Bartmouth'),(73,'F','1995-03-23',73,'2014-08-18 05:47:52','North Ryderside'),(74,'F','1982-09-07',74,'1980-03-05 06:26:53','Muellermouth'),(75,'F','1980-07-15',75,'1988-08-29 22:41:21','North Pollyfurt'),(76,'M','1993-09-09',76,'2014-11-28 16:05:59','Hermistonside'),(77,'F','1994-09-17',77,'2005-10-11 09:35:09','Wisokyville'),(78,'F','2009-07-07',78,'1994-11-27 22:43:56','Howellfurt'),(79,'F','1970-08-22',79,'1999-12-14 10:54:11','Schneiderberg'),(80,'F','2016-03-06',80,'1976-08-24 17:59:47','East Roselynview'),(81,'M','2015-03-08',81,'2017-11-26 07:38:26','Treutelburgh'),(82,'M','1971-11-22',82,'1997-10-07 14:45:24','East Zachery'),(83,'M','1998-05-25',83,'2012-10-28 09:58:50','North Tessiestad'),(84,'M','1991-07-09',84,'1989-11-17 19:56:51','South Kamren'),(85,'M','1984-05-02',85,'2000-12-18 11:37:56','Port Stanley'),(86,'F','2002-05-18',86,'1982-10-31 19:37:49','Laurieside'),(87,'F','1973-04-26',87,'1981-03-10 11:55:50','West Elinorchester'),(88,'M','1992-01-05',88,'2012-03-04 14:06:48','Venaville'),(89,'M','1987-11-24',89,'1988-02-20 09:51:23','South Isabell'),(90,'M','2009-10-15',90,'2018-08-13 21:16:00','Osvaldoport'),(91,'F','2017-04-08',91,'1979-11-27 05:38:32','South Colbyside'),(92,'F','1994-06-13',92,'2003-09-22 14:10:43','New Karolann'),(93,'F','1992-04-16',93,'2001-06-23 14:33:22','Lake Annamarie'),(94,'M','2001-07-16',94,'2014-07-29 11:48:14','Port Riverview'),(95,'M','2019-07-16',95,'1976-07-22 20:17:12','Tyraside'),(96,'F','2015-11-29',96,'2000-04-19 10:52:29','Connellytown'),(97,'F','1991-04-12',97,'1977-12-10 19:27:50','Lake Maryberg'),(98,'M','1989-10-29',98,'2011-09-01 13:11:47','Marianeland'),(99,'M','1989-12-14',99,'2000-01-12 10:32:55','Grimesberg'),(100,'M','1982-05-29',100,'1996-10-13 19:18:40','New Abdullah');
/*!40000 ALTER TABLE `profiles` ENABLE KEYS */;
UNLOCK TABLES;

--
-- Table structure for table `users`
--

DROP TABLE IF EXISTS `users`;
/*!40101 SET @saved_cs_client     = @@character_set_client */;
/*!40101 SET character_set_client = utf8 */;
CREATE TABLE `users` (
  `id` bigint(20) unsigned NOT NULL AUTO_INCREMENT,
  `firstname` varchar(50) COLLATE utf8_unicode_ci DEFAULT NULL,
  `lastname` varchar(50) COLLATE utf8_unicode_ci DEFAULT NULL COMMENT 'Фамиль',
  `email` varchar(120) COLLATE utf8_unicode_ci DEFAULT NULL,
  `phone` bigint(20) DEFAULT NULL,
  `is_active` bit(1) DEFAULT b'1',
  PRIMARY KEY (`id`),
  UNIQUE KEY `email` (`email`),
  KEY `users_phone_idx` (`phone`),
  KEY `users_firstname_lastname_idx` (`firstname`,`lastname`)
) ENGINE=InnoDB AUTO_INCREMENT=101 DEFAULT CHARSET=utf8 COLLATE=utf8_unicode_ci;
/*!40101 SET character_set_client = @saved_cs_client */;

--
-- Dumping data for table `users`
--

LOCK TABLES `users` WRITE;
/*!40000 ALTER TABLE `users` DISABLE KEYS */;
INSERT INTO `users` VALUES (1,'Liza','Russel','zulauf.berniece@example.com',1,_binary '\0'),(2,'Ned','Bechtelar','noel45@example.net',113647,_binary '\0'),(3,'Mervin','Schroeder','leila17@example.com',7519600155,_binary '\0'),(4,'Jo','Kutch','raleigh03@example.net',435810,_binary '\0'),(5,'Eloisa','Davis','wkovacek@example.com',0,_binary '\0'),(6,'Bethel','Eichmann','raphaelle46@example.com',1,_binary '\0'),(7,'Madilyn','Emard','leland62@example.org',855019,_binary '\0'),(8,'Eliseo','Goyette','eileen.dooley@example.org',862356,_binary '\0'),(9,'Gerhard','Wisozk','trempel@example.net',208738,_binary '\0'),(10,'Kian','Reynolds','dherzog@example.org',932814,_binary '\0'),(11,'Dylan','White','roel44@example.org',0,_binary '\0'),(12,'Lola','Kunze','hayes.dean@example.org',0,_binary '\0'),(13,'Dax','Kemmer','yskiles@example.com',42,_binary '\0'),(14,'Danial','Shields','oskiles@example.com',1,_binary '\0'),(15,'Eileen','Wunsch','waldo43@example.com',0,_binary '\0'),(16,'Lewis','Kling','twill@example.org',756019,_binary '\0'),(17,'Barton','Bednar','dicki.elmo@example.org',564,_binary '\0'),(18,'Maurice','Mayert','ncrist@example.com',1,_binary '\0'),(19,'Joesph','Raynor','avolkman@example.net',382,_binary '\0'),(20,'Ayden','Ward','vgerlach@example.org',461,_binary '\0'),(21,'Gerson','Okuneva','maryse39@example.com',74,_binary '\0'),(22,'Lola','Legros','hartmann.garry@example.org',994,_binary '\0'),(23,'Drake','Goyette','bergstrom.marcelo@example.org',7556779828,_binary '\0'),(24,'Kattie','Rutherford','tmcclure@example.net',0,_binary '\0'),(25,'Edd','Wisoky','nora46@example.org',1,_binary '\0'),(26,'Manley','Rippin','katelyn.willms@example.net',23,_binary '\0'),(27,'Katlyn','Wilderman','jeramie90@example.org',1,_binary '\0'),(28,'Wilhelmine','Hammes','sigurd.gerhold@example.org',50,_binary '\0'),(29,'Rita','Douglas','nienow.darian@example.net',0,_binary '\0'),(30,'Antonetta','DuBuque','schaefer.jalon@example.com',6,_binary '\0'),(31,'Jarrell','Ziemann','brenden29@example.org',223,_binary '\0'),(32,'Sid','Conroy','desiree.green@example.net',17,_binary '\0'),(33,'Skye','Franecki','lkemmer@example.net',0,_binary '\0'),(34,'Floy','Rogahn','rebecca93@example.net',0,_binary '\0'),(35,'Alek','Hessel','kmorissette@example.org',99,_binary '\0'),(36,'Alyson','Bernhard','parker.jamie@example.org',1,_binary '\0'),(37,'Frederique','Schuppe','bernita50@example.org',0,_binary '\0'),(38,'Jerome','Rodriguez','owen02@example.com',1,_binary '\0'),(39,'Winfield','Wintheiser','fconsidine@example.org',977341,_binary '\0'),(40,'Breanne','Dibbert','hkessler@example.net',4568530875,_binary '\0'),(41,'Linwood','Jacobi','jace74@example.org',0,_binary '\0'),(42,'Hershel','Herman','johns.jazmyn@example.org',1,_binary '\0'),(43,'Mireille','Mitchell','gerhold.korey@example.com',1,_binary '\0'),(44,'Winona','Kuhlman','wyatt48@example.org',533,_binary '\0'),(45,'Idella','Skiles','vivien03@example.org',889816,_binary '\0'),(46,'Kory','Olson','stanton.kaleigh@example.org',637586,_binary '\0'),(47,'Tamara','Grimes','vilma.ernser@example.com',894,_binary '\0'),(48,'Violet','Wuckert','anjali.thiel@example.net',0,_binary '\0'),(49,'Katrina','Mills','grant.wolf@example.net',613,_binary '\0'),(50,'Franz','Macejkovic','rebecca80@example.net',733,_binary '\0'),(51,'Neha','Lemke','kylie70@example.net',497167,_binary '\0'),(52,'Dena','Blanda','daphne.marquardt@example.org',600,_binary '\0'),(53,'Ola','Lehner','wwalter@example.com',1,_binary '\0'),(54,'Santiago','Paucek','loyal11@example.com',1,_binary '\0'),(55,'Kailey','Gerhold','ruecker.anjali@example.com',0,_binary '\0'),(56,'Lilliana','Bins','theo61@example.net',32,_binary '\0'),(57,'Verona','Cole','aschneider@example.org',1,_binary '\0'),(58,'Dianna','Schiller','ybatz@example.net',1,_binary '\0'),(59,'Willow','Willms','dario.abernathy@example.org',724926,_binary '\0'),(60,'Edward','Smith','lori38@example.org',566,_binary '\0'),(61,'Brycen','Bruen','prosenbaum@example.org',2512769984,_binary '\0'),(62,'Audrey','Heaney','chyatt@example.org',651,_binary '\0'),(63,'Zola','Jones','christelle48@example.org',760,_binary '\0'),(64,'Celestino','Wunsch','reyna31@example.com',0,_binary '\0'),(65,'Abbigail','Stroman','fabiola.halvorson@example.org',0,_binary '\0'),(66,'Jackeline','Conn','steuber.wellington@example.org',1,_binary '\0'),(67,'Lillian','Beier','crawford.runolfsson@example.com',0,_binary '\0'),(68,'Brenna','Muller','schaefer.kristofer@example.org',665,_binary '\0'),(69,'Leslie','Little','dillan45@example.org',89,_binary '\0'),(70,'Dorothy','Feeney','curt21@example.com',0,_binary '\0'),(71,'Jasper','Casper','flavie.schamberger@example.com',607767,_binary '\0'),(72,'Jillian','Heathcote','jerde.sienna@example.net',1,_binary '\0'),(73,'Jayce','Little','rodriguez.pietro@example.net',165,_binary '\0'),(74,'Darlene','Morissette','bednar.bertha@example.net',0,_binary '\0'),(75,'Jovany','Cummings','alexa65@example.org',848,_binary '\0'),(76,'Orpha','Bosco','wkohler@example.org',969,_binary '\0'),(77,'Breanna','Nitzsche','qhuel@example.net',1,_binary '\0'),(78,'Liliana','Koss','wlakin@example.net',736348,_binary '\0'),(79,'Nedra','Toy','eichmann.dahlia@example.org',485,_binary '\0'),(80,'Elza','Kshlerin','jalen68@example.org',0,_binary '\0'),(81,'Adam','Kassulke','paolo29@example.org',7388006466,_binary '\0'),(82,'Abigayle','Bahringer','lang.petra@example.org',874,_binary '\0'),(83,'Jodie','Adams','felicity.wintheiser@example.com',9712774231,_binary '\0'),(84,'Lucile','Ullrich','baron.maggio@example.net',82,_binary '\0'),(85,'Delpha','Jacobi','vallie.luettgen@example.net',1,_binary '\0'),(86,'Noemie','Dooley','debert@example.org',0,_binary '\0'),(87,'Juana','Heaney','stehr.loyce@example.net',1,_binary '\0'),(88,'Marcus','Howell','zachary.aufderhar@example.org',291,_binary '\0'),(89,'Eula','Williamson','owhite@example.net',527,_binary '\0'),(90,'Caterina','Runolfsdottir','donald.rau@example.net',68495,_binary '\0'),(91,'Chauncey','Littel','rory04@example.org',0,_binary '\0'),(92,'Verner','Moen','haley.schmitt@example.org',999596,_binary '\0'),(93,'Ryder','Boyle','mlockman@example.com',0,_binary '\0'),(94,'Lisette','Botsford','zbatz@example.org',99,_binary '\0'),(95,'Hubert','Green','gwelch@example.com',98,_binary '\0'),(96,'Joy','Koch','lmueller@example.net',263,_binary '\0'),(97,'Cecil','Tremblay','lafayette17@example.com',5543652137,_binary '\0'),(98,'Tiffany','Johnston','albin14@example.net',526346,_binary '\0'),(99,'Joanie','Hayes','lora15@example.com',0,_binary '\0'),(100,'Rylee','Koelpin','rempel.helmer@example.net',497,_binary '\0');
/*!40000 ALTER TABLE `users` ENABLE KEYS */;
UNLOCK TABLES;

--
-- Table structure for table `users_communities`
--

DROP TABLE IF EXISTS `users_communities`;
/*!40101 SET @saved_cs_client     = @@character_set_client */;
/*!40101 SET character_set_client = utf8 */;
CREATE TABLE `users_communities` (
  `user_id` bigint(20) unsigned NOT NULL,
  `community_id` bigint(20) unsigned NOT NULL,
  PRIMARY KEY (`user_id`,`community_id`),
  KEY `community_id` (`community_id`),
  CONSTRAINT `users_communities_ibfk_1` FOREIGN KEY (`user_id`) REFERENCES `users` (`id`),
  CONSTRAINT `users_communities_ibfk_2` FOREIGN KEY (`community_id`) REFERENCES `communities` (`id`)
) ENGINE=InnoDB DEFAULT CHARSET=utf8 COLLATE=utf8_unicode_ci;
/*!40101 SET character_set_client = @saved_cs_client */;

--
-- Dumping data for table `users_communities`
--

LOCK TABLES `users_communities` WRITE;
/*!40000 ALTER TABLE `users_communities` DISABLE KEYS */;
INSERT INTO `users_communities` VALUES (1,1),(51,1),(2,2),(52,2),(3,3),(53,3),(4,4),(54,4),(5,5),(55,5),(6,6),(56,6),(7,7),(57,7),(8,8),(58,8),(9,9),(59,9),(10,10),(60,10),(11,11),(61,11),(12,12),(62,12),(13,13),(63,13),(14,14),(64,14),(15,15),(65,15),(16,16),(66,16),(17,17),(67,17),(18,18),(68,18),(19,19),(69,19),(20,20),(70,20),(21,21),(71,21),(22,22),(72,22),(23,23),(73,23),(24,24),(74,24),(25,25),(75,25),(26,26),(76,26),(27,27),(77,27),(28,28),(78,28),(29,29),(79,29),(30,30),(80,30),(31,31),(81,31),(32,32),(82,32),(33,33),(83,33),(34,34),(84,34),(35,35),(85,35),(36,36),(86,36),(37,37),(87,37),(38,38),(88,38),(39,39),(89,39),(40,40),(90,40),(41,41),(91,41),(42,42),(92,42),(43,43),(93,43),(44,44),(94,44),(45,45),(95,45),(46,46),(96,46),(47,47),(97,47),(48,48),(98,48),(49,49),(99,49),(50,50),(100,50);
/*!40000 ALTER TABLE `users_communities` ENABLE KEYS */;
UNLOCK TABLES;

--
-- Table structure for table `virtual_bank`
--

DROP TABLE IF EXISTS `virtual_bank`;
/*!40101 SET @saved_cs_client     = @@character_set_client */;
/*!40101 SET character_set_client = utf8 */;
CREATE TABLE `virtual_bank` (
  `id` bigint(20) unsigned NOT NULL AUTO_INCREMENT,
  `user_id` bigint(20) unsigned NOT NULL,
  `virtual_account` bigint(20) unsigned NOT NULL,
  `amount` bigint(20) unsigned DEFAULT NULL,
  `created_at` datetime DEFAULT CURRENT_TIMESTAMP,
  `updated_at` datetime DEFAULT CURRENT_TIMESTAMP ON UPDATE CURRENT_TIMESTAMP,
  PRIMARY KEY (`id`),
  KEY `virtual_account` (`virtual_account`),
  KEY `user_id` (`user_id`),
  CONSTRAINT `virtual_bank_ibfk_1` FOREIGN KEY (`user_id`) REFERENCES `users` (`id`)
) ENGINE=InnoDB AUTO_INCREMENT=101 DEFAULT CHARSET=utf8 COLLATE=utf8_unicode_ci;
/*!40101 SET character_set_client = @saved_cs_client */;

--
-- Dumping data for table `virtual_bank`
--

LOCK TABLES `virtual_bank` WRITE;
/*!40000 ALTER TABLE `virtual_bank` DISABLE KEYS */;
INSERT INTO `virtual_bank` VALUES (1,1,0,1,'1976-07-31 02:16:59','1976-09-06 06:22:41'),(2,2,9314648,31501,'2011-08-16 21:12:35','1991-12-21 10:11:39'),(3,3,4,61295,'1989-12-02 00:41:11','2012-11-22 22:15:14'),(4,4,65,600526556,'2016-12-06 11:46:36','2014-09-05 23:40:24'),(5,5,70435577,0,'1986-04-02 23:10:08','1994-06-02 09:10:50'),(6,6,697416,1,'2003-09-23 21:06:01','2001-05-23 22:30:37'),(7,7,1,9346990,'1987-08-30 00:06:43','1983-03-14 17:54:56'),(8,8,0,7440373,'1980-06-25 08:50:39','2000-12-27 10:21:14'),(9,9,619418,1630,'2017-01-03 16:53:57','1972-01-31 14:04:09'),(10,10,372,0,'2012-10-03 20:53:06','1972-02-13 14:50:38'),(11,11,21644,5698859,'1972-09-27 07:23:36','1992-12-20 07:46:57'),(12,12,79573,135698457,'1979-08-18 13:50:09','1982-04-20 17:49:48'),(13,13,867,2,'1995-06-15 06:41:51','1991-08-03 12:43:34'),(14,14,17222,297,'1983-09-11 01:00:16','1970-05-22 03:27:01'),(15,15,20223693,42,'1984-11-22 13:17:44','1982-07-25 10:52:24'),(16,16,490,4176,'1987-07-24 15:51:07','2019-01-20 16:53:54'),(17,17,216275635,265488,'1989-04-28 17:09:18','1979-04-16 10:42:41'),(18,18,549394,762085808,'2018-11-30 02:13:57','1992-05-25 10:31:35'),(19,19,80848,67104448,'1992-11-18 03:21:21','1978-02-20 04:26:34'),(20,20,175035,2321475,'2003-03-13 11:13:40','2018-07-19 15:18:28'),(21,21,21442,373,'2019-06-07 15:28:17','1983-03-25 18:44:38'),(22,22,9208,27129,'1970-10-20 22:16:31','1988-01-18 09:51:19'),(23,23,12327888,23,'1985-11-01 19:38:15','2013-02-17 19:08:59'),(24,24,4276137,0,'1993-03-26 04:48:03','2004-09-25 00:01:37'),(25,25,7532,5039,'1997-09-26 03:57:01','1996-06-10 00:12:24'),(26,26,7182943,5,'1983-08-25 11:02:02','1990-03-12 18:51:46'),(27,27,378160,11,'2013-12-25 09:59:45','1995-12-02 23:49:14'),(28,28,818,26214,'2006-04-11 01:19:44','2007-04-08 12:58:29'),(29,29,83770,1406012,'2010-06-22 03:49:31','1986-07-25 10:20:10'),(30,30,706,4037256,'2002-03-11 11:09:18','2016-10-06 18:30:49'),(31,31,7,17304,'1988-04-02 22:39:30','1999-12-16 09:07:49'),(32,32,5377479,324236662,'1982-04-13 21:00:21','2014-12-23 21:44:09'),(33,33,312,1108810,'1975-06-11 00:05:54','2019-01-22 06:37:43'),(34,34,18,215,'2002-09-25 04:08:11','1976-10-09 10:46:28'),(35,35,16,0,'1998-12-09 12:40:10','1988-05-09 12:11:40'),(36,36,79548,4,'1982-07-11 10:28:12','2011-04-27 23:13:40'),(37,37,6780094,16939,'2003-01-09 08:41:27','1990-12-18 18:54:11'),(38,38,0,588755987,'2000-02-29 03:22:00','2014-08-31 15:47:49'),(39,39,41,871596289,'2001-07-30 08:32:23','2006-04-27 01:34:26'),(40,40,41629,3,'1976-01-25 08:55:58','2008-07-26 02:05:27'),(41,41,8874,709102,'2016-02-19 05:02:20','1973-04-29 16:10:22'),(42,42,14272,148,'2002-03-13 00:48:10','2012-08-07 14:57:23'),(43,43,82337,91358068,'1972-05-25 04:12:27','1991-04-02 03:29:20'),(44,44,0,186662,'2016-08-17 04:32:58','1972-01-02 07:03:05'),(45,45,51,312106209,'1987-10-02 02:24:14','1971-09-06 05:29:37'),(46,46,98281217,1846005,'2015-11-24 10:02:48','2015-05-29 13:16:31'),(47,47,52818725,66606905,'1972-01-05 01:32:26','1982-05-13 04:53:42'),(48,48,4789,0,'2003-07-13 15:52:26','1989-08-12 03:23:44'),(49,49,6103855,691555880,'1970-11-21 09:25:59','1978-07-27 02:02:31'),(50,50,5,380,'1984-04-17 22:56:10','1998-07-09 11:08:38'),(51,51,686,8,'2017-01-15 04:46:57','1989-04-24 03:15:06'),(52,52,0,216,'2018-07-09 12:30:07','1974-07-15 13:45:54'),(53,53,679621,36920,'2018-05-03 02:54:28','1972-03-09 05:10:09'),(54,54,0,170883541,'1995-09-10 15:51:25','1998-01-12 12:51:02'),(55,55,653130,285274,'2003-06-21 21:05:56','1974-12-13 22:47:22'),(56,56,74278270,53711,'2015-11-13 19:08:46','2001-06-16 13:59:24'),(57,57,85,5,'1994-10-23 15:19:25','1995-03-28 14:50:12'),(58,58,5,5684,'1986-12-25 10:50:46','1980-04-03 17:04:57'),(59,59,9000,26,'1980-03-07 02:37:04','2002-11-27 04:54:42'),(60,60,1602440,459894329,'2000-11-24 11:55:20','1979-03-18 09:35:06'),(61,61,0,10,'1974-04-21 16:42:54','2019-12-22 11:21:10'),(62,62,783463,76505291,'1988-06-07 08:46:16','2019-07-30 18:01:28'),(63,63,256791602,236,'1990-06-07 18:21:02','1973-06-22 14:07:32'),(64,64,12829,219,'2004-01-25 13:43:45','1998-12-24 19:35:46'),(65,65,4724,18443,'2003-09-04 02:02:38','1978-07-25 12:49:17'),(66,66,3636,5611,'1991-06-29 02:08:57','2011-04-04 12:23:17'),(67,67,0,2287,'1994-06-05 20:54:06','1999-09-09 13:41:32'),(68,68,32022546,3,'2009-11-24 14:23:01','1978-05-07 20:57:54'),(69,69,88,5548557,'1988-11-01 09:22:32','1996-06-23 19:50:30'),(70,70,62980004,1876764,'2007-02-03 12:25:11','1974-05-13 05:57:16'),(71,71,444,54,'1974-02-24 13:33:20','2002-11-26 03:28:44'),(72,72,33283,290848,'1970-01-21 13:35:40','1998-05-06 10:05:19'),(73,73,25657,156,'1985-07-19 20:42:28','1997-03-14 06:27:55'),(74,74,242058692,25074,'1992-06-18 06:12:12','1983-07-04 22:05:02'),(75,75,4936,327873,'2013-07-06 13:41:54','1993-01-09 03:21:53'),(76,76,0,261770,'1993-07-14 15:56:51','1993-04-14 02:15:43'),(77,77,6560,295021646,'1970-12-31 22:48:55','2012-03-31 14:59:08'),(78,78,5228265,449845,'1992-03-18 19:49:48','2010-01-13 02:40:31'),(79,79,9316122,189,'2007-01-06 00:18:43','1992-01-13 20:52:29'),(80,80,31075827,6232,'2019-08-26 01:43:48','1993-05-16 20:40:41'),(81,81,297161,30,'2019-03-21 07:50:03','1980-08-13 15:21:32'),(82,82,0,3300,'1997-05-01 16:51:52','2014-11-26 05:57:24'),(83,83,43239,313,'1996-02-23 08:19:00','2003-12-19 13:59:45'),(84,84,6992145,0,'2014-09-18 23:30:40','1991-02-21 21:43:22'),(85,85,336,18619911,'1971-04-02 22:15:07','2018-11-29 00:26:03'),(86,86,226329,36560951,'1976-03-05 03:31:32','2005-01-04 05:03:29'),(87,87,366,284296,'1999-01-01 21:49:28','2000-12-29 08:46:00'),(88,88,516065,6,'2000-03-03 01:15:38','2013-04-13 08:52:27'),(89,89,466824,3,'2009-12-13 23:44:54','2016-09-21 11:21:26'),(90,90,51584263,223,'1978-08-02 05:59:24','2012-07-13 15:51:41'),(91,91,215890,403853103,'2017-05-10 11:10:17','1975-07-11 07:43:51'),(92,92,938826,231,'1974-05-23 23:32:15','2003-01-11 22:17:14'),(93,93,394,58526247,'1979-01-24 01:47:52','1981-08-05 14:34:27'),(94,94,6,1171312,'2003-11-22 08:56:39','2009-09-11 07:41:21'),(95,95,45171776,35341410,'2003-10-15 01:12:04','2004-06-18 04:14:22'),(96,96,0,384,'2007-03-10 12:46:40','1985-04-20 22:34:53'),(97,97,24,0,'1996-11-12 19:54:51','2017-11-16 13:05:54'),(98,98,54,505780835,'2017-09-11 02:33:12','2013-02-21 23:21:11'),(99,99,66646267,37,'1973-03-08 22:54:09','2003-11-11 03:56:44'),(100,100,1771,1,'1971-10-14 08:08:27','2016-02-23 04:26:56');
/*!40000 ALTER TABLE `virtual_bank` ENABLE KEYS */;
UNLOCK TABLES;
/*!40103 SET TIME_ZONE=@OLD_TIME_ZONE */;

/*!40101 SET SQL_MODE=@OLD_SQL_MODE */;
/*!40014 SET FOREIGN_KEY_CHECKS=@OLD_FOREIGN_KEY_CHECKS */;
/*!40014 SET UNIQUE_CHECKS=@OLD_UNIQUE_CHECKS */;
/*!40101 SET CHARACTER_SET_CLIENT=@OLD_CHARACTER_SET_CLIENT */;
/*!40101 SET CHARACTER_SET_RESULTS=@OLD_CHARACTER_SET_RESULTS */;
/*!40101 SET COLLATION_CONNECTION=@OLD_COLLATION_CONNECTION */;
/*!40111 SET SQL_NOTES=@OLD_SQL_NOTES */;

-- Dump completed on 2020-02-19 20:33:45
